party,votes,vote_share_pct,seats,seat_share_pct,representation_gap
BJP,235974144.0,36.56458698250643,239.0,44.095940959409596,7.531353976903169
INC,136758952.0,21.191027590041482,99.0,18.265682656826566,-2.925344933214916
SP,29549389.0,4.578727084482691,37.0,6.826568265682657,2.2478411811999663
AITC,28213393.0,4.371712277172782,29.0,5.350553505535055,0.9788412283622732
IND,17850062.0,2.765896863014503,7.0,1.2915129151291513,-1.4743839478853518
YSRCP,13316134.0,2.063357161340995,4.0,0.7380073800738007,-1.3253497812671944
BSP,13153830.0,2.0382078859796713,0.0,0.0,-2.0382078859796713
TDP,12775270.0,1.9795493829188544,16.0,2.952029520295203,0.9724801373763485
DMK,11754710.0,1.8214119096418382,22.0,4.059040590405904,2.237628680764066
CPI(M),11342553.0,1.7575474954247075,4.0,0.7380073800738007,-1.0195401153509067
RJD,10107402.0,1.566158788973759,4.0,0.7380073800738007,-0.8281514088999582
SHSUBT,9567779.0,1.4825433055703694,9.0,1.6605166051660518,0.17797329959568242
BJD,9412674.0,1.458509527259803,0.0,0.0,-1.458509527259803
ADMK,8952587.0,1.387218279643198,0.0,0.0,-1.387218279643198
JD(U),8039663.0,1.2457591839957625,12.0,2.214022140221402,0.9682629562256395
SHS,7401447.0,1.1468665508875042,7.0,1.2915129151291513,0.14464636424164712
AAAP,7147800.0,1.1075635254070861,3.0,0.5535055350553505,-0.5540579903517356
NOTA,6371839.0,0.987327074927441,0.0,0.0,-0.987327074927441
NCPSP,5921162.0,0.9174939224973382,8.0,1.4760147601476015,0.5585208376502633
BHRS,3657237.0,0.5666949697766076,0.0,0.0,-0.5666949697766076
NTK,3600088.0,0.5578396369590288,0.0,0.0,-0.5578396369590288
CPI,3157184.0,0.48921092383654363,2.0,0.36900369003690037,-0.12020723379964326
LJPRV,2810250.0,0.43545292219637716,5.0,0.9225092250922509,0.4870563028958737
JMM,2652955.0,0.41107979973507325,3.0,0.5535055350553505,0.14242573532027725
JD(S),2173701.0,0.33681859351701343,2.0,0.36900369003690037,0.032185096519886935
NCP,2059179.0,0.3190732187084472,1.0,0.18450184501845018,-0.134571373689997
PMK,1879689.0,0.29126094399800223,0.0,0.0,-0.29126094399800223
SAD,1814318.0,0.2811315985743213,1.0,0.18450184501845018,-0.09662975355587111
CPI(ML)(L),1736761.0,0.26911401213653663,2.0,0.36900369003690037,0.09988967790036374
IUML,1716186.0,0.26592588158794117,3.0,0.5535055350553505,0.2875796534674093
VBA,1582855.0,0.2452660208747074,0.0,0.0,-0.2452660208747074
JnP,1454138.0,0.22532110715302744,2.0,0.36900369003690037,0.14368258288387292
AIMIM,1400215.0,0.21696564841320173,1.0,0.18450184501845018,-0.03246380339475155
AGP,1298707.0,0.20123681459901802,1.0,0.18450184501845018,-0.016734969580567832
BHRTADVSIP,1257056.0,0.19478292271665829,1.0,0.18450184501845018,-0.010281077698208102
VSIP,1187455.0,0.18399813174155286,0.0,0.0,-0.18399813174155286
JKN,1147041.0,0.17773591507127642,2.0,0.36900369003690037,0.19126777496562394
DMDK,1128616.0,0.17488093060673832,0.0,0.0,-0.17488093060673832
VCK,990237.0,0.15343887387847127,2.0,0.36900369003690037,0.2155648161584291
RLD,893460.0,0.13844311640088075,2.0,0.36900369003690037,0.23056057363601962
ADAL,808245.0,0.1252389100971838,1.0,0.18450184501845018,0.059262934921266386
BOPF,777570.0,0.12048576771185372,0.0,0.0,-0.12048576771185372
ASPKR,691820.0,0.10719866226630997,1.0,0.18450184501845018,0.07730318275214021
AISF,650229.0,0.10075406748397049,0.0,0.0,-0.10075406748397049
AIUDF,625954.0,0.09699261576746233,0.0,0.0,-0.09699261576746233
RLTP,596955.0,0.09249917237603,1.0,0.18450184501845018,0.09200267264242018
RSP,587363.0,0.09101287598613314,1.0,0.18450184501845018,0.09348896903231704
VOTPP,571078.0,0.08848948808898234,1.0,0.18450184501845018,0.09601235692946784
MDMK,542213.0,0.08401680822092845,1.0,0.18450184501845018,0.10048503679752173
SAD(M),521749.0,0.08084587730737035,0.0,0.0,-0.08084587730737035
RSPS,521746.0,0.08084541245236934,0.0,0.0,-0.08084541245236934
BDJS,505753.0,0.07836727044198356,0.0,0.0,-0.07836727044198356
HAMS,494960.0,0.07669487710001559,1.0,0.18450184501845018,0.1078069679184346
UPPL,488995.0,0.07577059040634015,1.0,0.18450184501845018,0.10873125461211003
SUCI,480987.0,0.07452973745697672,0.0,0.0,-0.07452973745697672
AJSUP,458677.0,0.0710727657661303,1.0,0.18450184501845018,0.11342907925231989
JKPDP,435980.0,0.06755582778015354,0.0,0.0,-0.06755582778015354
NPEP,417930.0,0.06475895019074171,0.0,0.0,-0.06475895019074171
ASMJTYP,414441.0,0.06421832382456676,0.0,0.0,-0.06421832382456676
TMC(M),410401.0,0.06359231908987292,0.0,0.0,-0.06359231908987292
AMMKMNKZ,393415.0,0.06096031007415272,0.0,0.0,-0.06096031007415272
KEC,364631.0,0.05650018129112612,1.0,0.18450184501845018,0.12800166372732408
NDPP,350967.0,0.054382921713191305,0.0,0.0,-0.054382921713191305
SBSP,340188.0,0.05271269769456138,0.0,0.0,-0.05271269769456138
GGP,312997.0,0.04849940691707124,0.0,0.0,-0.04849940691707124
NPF,299536.0,0.04641360252753812,0.0,0.0,-0.04641360252753812
AIFB,284269.0,0.04404795542739682,0.0,0.0,-0.04404795542739682
KEC(M),277365.0,0.04297816911840517,0.0,0.0,-0.04297816911840517
BVA,254517.0,0.039437833430710896,0.0,0.0,-0.039437833430710896
RSHTLKM,253876.0,0.0393385094121617,0.0,0.0,-0.0393385094121617
PPID,247985.0,0.03842568914184452,0.0,0.0,-0.03842568914184452
INLD,226975.0,0.03517015461810255,0.0,0.0,-0.03517015461810255
ZPM,208552.0,0.03231548005689844,1.0,0.18450184501845018,0.15218636496155175
JAKAP,208149.0,0.03225303453509606,0.0,0.0,-0.03225303453509606
SWP,185371.0,0.02872354546409203,0.0,0.0,-0.02872354546409203
GNASURKP,180000.0,0.027891300060616627,0.0,0.0,-0.027891300060616627
JPC,174890.0,0.027099497042229123,0.0,0.0,-0.027099497042229123
RJBP,168740.0,0.026146544290158055,0.0,0.0,-0.026146544290158055
SKM,164396.0,0.025473434248695172,1.0,0.18450184501845018,0.15902841076975502
RPPRINAT,156302.0,0.024219255455969445,0.0,0.0,-0.024219255455969445
TTPty,145450.0,0.02253771996564827,0.0,0.0,-0.02253771996564827
MNF,140264.0,0.021734140620568505,0.0,0.0,-0.021734140620568505
APoI,132444.0,0.020522418584601715,0.0,0.0,-0.020522418584601715
BSCP,115024.0,0.017823160545402037,0.0,0.0,-0.017823160545402037
JNJP,113827.0,0.017637683399998938,0.0,0.0,-0.017637683399998938
AKBRPRVP,110212.0,0.017077533123781553,0.0,0.0,-0.017077533123781553
AODRP,108334.0,0.01678653389314912,0.0,0.0,-0.01678653389314912
PHJSP,90759.0,0.014063258345563913,0.0,0.0,-0.014063258345563913
CAPS,83566.0,0.012948691004808274,0.0,0.0,-0.012948691004808274
NRSP,83046.0,0.012868116137966491,0.0,0.0,-0.012868116137966491
BHRJWNKP,78104.0,0.012102344999635561,0.0,0.0,-0.012102344999635561
SDF,77171.0,0.011957775094321365,0.0,0.0,-0.011957775094321365
BAHUMP,76254.0,0.011815684415679224,0.0,0.0,-0.011815684415679224
VKVIP,75950.0,0.011768579108910182,0.0,0.0,-0.011768579108910182
BMUP,73935.0,0.011456351499898279,0.0,0.0,-0.011456351499898279
SAP,73318.0,0.011360746321357166,0.0,0.0,-0.011360746321357166
NRCP,67432.0,0.010448700809375003,0.0,0.0,-0.010448700809375003
SMNKJP,67374.0,0.010439713612688804,0.0,0.0,-0.010439713612688804
RVLTGONP,64629.0,0.0100143712867644,0.0,0.0,-0.0100143712867644
VPI,63496.0,0.009838811048049519,0.0,0.0,-0.009838811048049519
LKHAP,62136.0,0.00962807678092486,0.0,0.0,-0.00962807678092486
MOSP,61033.0,0.00945716509222008,0.0,0.0,-0.00945716509222008
ESBD,61024.0,0.00945577052721705,0.0,0.0,-0.00945577052721705
RTORP,58024.0,0.008990915526206775,0.0,0.0,-0.008990915526206775
RSOSP,53911.0,0.008353599319821683,0.0,0.0,-0.008353599319821683
BGDRPP,51979.0,0.008054232699171065,0.0,0.0,-0.008054232699171065
KRS,51529.0,0.007984504449019525,0.0,0.0,-0.007984504449019525
SRPSP,46145.0,0.007150244673873079,0.0,0.0,-0.007150244673873079
RPI(A),45567.0,0.0070606826103450995,0.0,0.0,-0.0070606826103450995
UDP,44563.0,0.00690511113667366,0.0,0.0,-0.00690511113667366
SDPI,42465.0,0.006580022539300473,0.0,0.0,-0.006580022539300473
HMR,40746.0,0.0063136606237215835,0.0,0.0,-0.0063136606237215835
DPAP,40665.0,0.006301109538694306,0.0,0.0,-0.006301109538694306
UPJP,40491.0,0.00627414794863571,0.0,0.0,-0.00627414794863571
IPGP,39778.0,0.006163667410062268,0.0,0.0,-0.006163667410062268
APNDLK,39128.0,0.00606294882651004,0.0,0.0,-0.00606294882651004
DHRMSMJP,38730.0,0.0060012780630426775,0.0,0.0,-0.0060012780630426775
PECP,38506.0,0.00596656888963391,0.0,0.0,-0.00596656888963391
BALP,33787.0,0.005235351973044745,0.0,0.0,-0.005235351973044745
BUJNBHRTP,32870.0,0.005093261294402603,0.0,0.0,-0.005093261294402603
RSUP,30073.0,0.004659861481794022,0.0,0.0,-0.004659861481794022
BARESP,29619.0,0.004589513424974466,0.0,0.0,-0.004589513424974466
AMiP,29550.0,0.00457882175995123,0.0,0.0,-0.00457882175995123
SMJSKTP,29235.0,0.00453001198484515,0.0,0.0,-0.00453001198484515
RSMD,28340.0,0.0043913302428770845,0.0,0.0,-0.0043913302428770845
BNARP,28192.0,0.004368397396160578,0.0,0.0,-0.004368397396160578
BHYUJEP,27969.0,0.004333843174418813,0.0,0.0,-0.004333843174418813
PPOI,27966.0,0.0043333783194178035,0.0,0.0,-0.0043333783194178035
BGanP,27554.0,0.004269538232612393,0.0,0.0,-0.004269538232612393
ARJP,26294.0,0.0040742991321880756,0.0,0.0,-0.0040742991321880756
BHRTPRJAIK,26271.0,0.004070735243846997,0.0,0.0,-0.004070735243846997
MADP,25490.0,0.003949717991917321,0.0,0.0,-0.003949717991917321
BHMS,25345.0,0.003927250000201824,0.0,0.0,-0.003927250000201824
SANKISVP,25291.0,0.00391888261018364,0.0,0.0,-0.00391888261018364
PRCP,24361.0,0.0037747775598704534,0.0,0.0,-0.0037747775598704534
BHRTSP,23640.0,0.003663057407960984,0.0,0.0,-0.003663057407960984
JKNPPB,23268.0,0.0036054153878357096,0.0,0.0,-0.0036054153878357096
JJSP,22935.0,0.0035538164827235686,0.0,0.0,-0.0035538164827235686
JBNP,22466.0,0.003481144150898962,0.0,0.0,-0.003481144150898962
ALHP,22308.0,0.003456661787512421,0.0,0.0,-0.003456661787512421
YGATLSIP,22247.0,0.003447209735825211,0.0,0.0,-0.003447209735825211
JRJP,21566.0,0.003341687650595879,0.0,0.0,-0.003341687650595879
BHUDRP,21388.0,0.003314106253869269,0.0,0.0,-0.003314106253869269
SSBD,21036.0,0.0032595632670840632,0.0,0.0,-0.0032595632670840632
MVA,20721.0,0.003210753491977984,0.0,0.0,-0.003210753491977984
DJHP,20498.0,0.0031761992702362203,0.0,0.0,-0.0031761992702362203
MLD,20450.0,0.0031687615902200555,0.0,0.0,-0.0031687615902200555
SRVADID,20348.0,0.003152956520185706,0.0,0.0,-0.003152956520185706
LGP,20123.0,0.0031180923951099355,0.0,0.0,-0.0031180923951099355
SP(I),19941.0,0.003089891191715312,0.0,0.0,-0.003089891191715312
JKP,19527.0,0.0030257412015758938,0.0,0.0,-0.0030257412015758938
RJKPS,19495.0,0.0030207827482317843,0.0,0.0,-0.0030207827482317843
JKPP,19494.0,0.003020627796564781,0.0,0.0,-0.003020627796564781
RJsbhP,19318.0,0.0029933563031721774,0.0,0.0,-0.0029933563031721774
rpsn,18793.0,0.0029120066779953794,0.0,0.0,-0.0029120066779953794
NBBHNRSVP,18570.0,0.0028774524562536156,0.0,0.0,-0.0028774524562536156
JANKRPR,18401.0,0.0028512656245300366,0.0,0.0,-0.0028512656245300366
SMJDRP,18223.0,0.0028236842278034266,0.0,0.0,-0.0028236842278034266
JMBP,18133.0,0.0028097385777731184,0.0,0.0,-0.0028097385777731184
mimm,18025.0,0.0027930037977367483,0.0,0.0,-0.0027930037977367483
KMSP,17336.0,0.002686242099171388,0.0,0.0,-0.002686242099171388
BCYP,17173.0,0.0026609849774498293,0.0,0.0,-0.0026609849774498293
TNRMPI,17126.0,0.002653702249100669,0.0,0.0,-0.002653702249100669
IPBP,16942.0,0.0026251911423720384,0.0,0.0,-0.0026251911423720384
NavaP,16864.0,0.002613104912345771,0.0,0.0,-0.002613104912345771
RSTRSNTP,16859.0,0.002612330154010754,0.0,0.0,-0.002612330154010754
NAPt,16694.0,0.0025867631289551887,0.0,0.0,-0.0025867631289551887
KPJD,16512.0,0.0025585619255605653,0.0,0.0,-0.0025585619255605653
WAP,16506.0,0.0025576322155585448,0.0,0.0,-0.0025576322155585448
SaSP,16040.0,0.002485424738734948,0.0,0.0,-0.002485424738734948
BLRP,15411.0,0.0023879601401897935,0.0,0.0,-0.0023879601401897935
PMSP,15250.0,0.002363012921802242,0.0,0.0,-0.002363012921802242
JNJWDIP,15240.0,0.0023614634051322076,0.0,0.0,-0.0023614634051322076
JRBP,15165.0,0.0023498420301069508,0.0,0.0,-0.0023498420301069508
HVD,15140.0,0.002345968238431865,0.0,0.0,-0.002345968238431865
AJPI,14729.0,0.002282283103293457,0.0,0.0,-0.002282283103293457
JPJD,14477.0,0.0022432352832085943,0.0,0.0,-0.0022432352832085943
RPC(S),14219.0,0.00220325775312171,0.0,0.0,-0.00220325775312171
JNTRAAWJP,14218.0,0.0022031028014547066,0.0,0.0,-0.0022031028014547066
MPOI,14168.0,0.0021953552181045357,0.0,0.0,-0.0021953552181045357
PBI,14110.0,0.002186368021418337,0.0,0.0,-0.002186368021418337
MLCNG,13925.0,0.002157701963022703,0.0,0.0,-0.002157701963022703
HSP,13824.0,0.002142051844655357,0.0,0.0,-0.002142051844655357
RUC,13657.0,0.0021161749162657848,0.0,0.0,-0.0021161749162657848
RJnJnP,13213.0,0.002047376376116264,0.0,0.0,-0.002047376376116264
JHP,13014.0,0.002016540994382582,0.0,0.0,-0.002016540994382582
NADLMMKLK,12895.0,0.0019981017460091745,0.0,0.0,-0.0019981017460091745
SWNTRABYKT,12741.0,0.001974239189290647,0.0,0.0,-0.001974239189290647
VTVTK,12735.0,0.0019733094792886265,0.0,0.0,-0.0019733094792886265
BRTYLKNYKP,12411.0,0.0019231051391795163,0.0,0.0,-0.0019231051391795163
MAHP,12364.0,0.0019158224108303556,0.0,0.0,-0.0019158224108303556
RKBP,12309.0,0.0019073000691451668,0.0,0.0,-0.0019073000691451668
PSJP,12304.0,0.0019065253108101498,0.0,0.0,-0.0019065253108101498
NBEP,12299.0,0.0019057505524751326,0.0,0.0,-0.0019057505524751326
PRJVLGUP,12199.0,0.0018902553857747903,0.0,0.0,-0.0018902553857747903
BRRTD,12178.0,0.0018870014007677184,0.0,0.0,-0.0018870014007677184
RSTJLKPS,12049.0,0.0018670126357242763,0.0,0.0,-0.0018670126357242763
AAS,12021.0,0.0018626739890481802,0.0,0.0,-0.0018626739890481802
BJKD,11914.0,0.001846094160678814,0.0,0.0,-0.001846094160678814
AYSRCP,11459.0,0.0017755911521922553,0.0,0.0,-0.0017755911521922553
RGOP,11446.0,0.0017735767805212106,0.0,0.0,-0.0017735767805212106
NLP,11286.0,0.0017487845138006626,0.0,0.0,-0.0017487845138006626
DMSK,11211.0,0.0017371631387754053,0.0,0.0,-0.0017371631387754053
KPPU,11206.0,0.0017363883804403886,0.0,0.0,-0.0017363883804403886
BDlP,11139.0,0.0017260066187511588,0.0,0.0,-0.0017260066187511588
NJNDL,11116.0,0.00172244273041008,0.0,0.0,-0.00172244273041008
URPI,10997.0,0.0017040034820366727,0.0,0.0,-0.0017040034820366727
HNDPPD,10992.0,0.0017032287237016552,0.0,0.0,-0.0017032287237016552
BMF,10972.0,0.0017001296903615868,0.0,0.0,-0.0017001296903615868
RaNP,10964.0,0.0016988900770255593,0.0,0.0,-0.0016988900770255593
RTSMJD,10877.0,0.0016854092819962615,0.0,0.0,-0.0016854092819962615
TSP,10859.0,0.0016826201519901996,0.0,0.0,-0.0016826201519901996
SSS,10802.0,0.0016737879069710045,0.0,0.0,-0.0016737879069710045
SWAJANPA,10627.0,0.001646671365245405,0.0,0.0,-0.001646671365245405
PGSP,10553.0,0.0016352049418871513,0.0,0.0,-0.0016352049418871513
APKSP,10538.0,0.0016328806668821,0.0,0.0,-0.0016328806668821
DABAP,10311.0,0.0015977066384723225,0.0,0.0,-0.0015977066384723225
NNKP,10284.0,0.0015935229434632298,0.0,0.0,-0.0015935229434632298
BKPP,10272.0,0.0015916635234591889,0.0,0.0,-0.0015916635234591889
raup,10026.0,0.001553545413376346,0.0,0.0,-0.001553545413376346
INL,9918.0,0.001536810633339976,0.0,0.0,-0.001536810633339976
AHFBK,9902.0,0.0015343314066679214,0.0,0.0,-0.0015343314066679214
AJM,9895.0,0.0015332467449988973,0.0,0.0,-0.0015332467449988973
RTRYDVBHMP,9781.0,0.0015155822549605068,0.0,0.0,-0.0015155822549605068
AJPR,9760.0,0.0015123282699534349,0.0,0.0,-0.0015123282699534349
ASDC,9633.0,0.0014926494082439998,0.0,0.0,-0.0014926494082439998
BSP(A),9391.0,0.0014551511048291707,0.0,0.0,-0.0014551511048291707
ssrd,9347.0,0.0014483332314810201,0.0,0.0,-0.0014483332314810201
RTJAWP,9299.0,0.0014408955514648555,0.0,0.0,-0.0014408955514648555
TPSP,9290.0,0.0014395009864618248,0.0,0.0,-0.0014395009864618248
UKKD,9270.0,0.0014364019531217563,0.0,0.0,-0.0014364019531217563
BNJD,9258.0,0.0014345425331177151,0.0,0.0,-0.0014345425331177151
BBC,9165.0,0.0014201320280863967,0.0,0.0,-0.0014201320280863967
JSDP,9135.0,0.0014154834780762938,0.0,0.0,-0.0014154834780762938
ACDP,9128.0,0.0014143988164072698,0.0,0.0,-0.0014143988164072698
SMKNK,8990.0,0.0013930154863607972,0.0,0.0,-0.0013930154863607972
MNDP,8978.0,0.001391156066356756,0.0,0.0,-0.001391156066356756
HS,8970.0,0.0013899164530207285,0.0,0.0,-0.0013899164530207285
JAISMP,8933.0,0.0013841832413416019,0.0,0.0,-0.0013841832413416019
LBCP,8900.0,0.001379069836330489,0.0,0.0,-0.001379069836330489
JAC,8900.0,0.001379069836330489,0.0,0.0,-0.001379069836330489
BKVP,8749.0,0.0013556721346129714,0.0,0.0,-0.0013556721346129714
YKP,8736.0,0.001353657762941927,0.0,0.0,-0.001353657762941927
AKBHAD,8678.0,0.0013446705662557281,0.0,0.0,-0.0013446705662557281
ABHASP,8583.0,0.0013299501578904029,0.0,0.0,-0.0013299501578904029
NIUP,8542.0,0.0013235971395432625,0.0,0.0,-0.0013235971395432625
SJPI,8519.0,0.0013200332512021836,0.0,0.0,-0.0013200332512021836
MARD,8514.0,0.0013192584928671664,0.0,0.0,-0.0013192584928671664
DBSP,8472.0,0.0013127505228530225,0.0,0.0,-0.0013127505228530225
JAKNPF,8453.0,0.0013098064411799575,0.0,0.0,-0.0013098064411799575
PPI,8404.0,0.0013022138094967897,0.0,0.0,-0.0013022138094967897
DHBHP,8389.0,0.0012998895344917382,0.0,0.0,-0.0012998895344917382
NATJUP,8357.0,0.0012949310811476286,0.0,0.0,-0.0012949310811476286
EKSP,8352.0,0.0012941563228126116,0.0,0.0,-0.0012941563228126116
AVRMK,8345.0,0.0012930716611435874,0.0,0.0,-0.0012930716611435874
ANDC,8254.0,0.0012789710594462759,0.0,0.0,-0.0012789710594462759
PMPT,8217.0,0.001273237847767149,0.0,0.0,-0.001273237847767149
JNSNKP,8194.0,0.0012696739594260703,0.0,0.0,-0.0012696739594260703
APNJBP,8114.0,0.001257277826065796,0.0,0.0,-0.001257277826065796
DrAPP,8089.0,0.0012534040343907104,0.0,0.0,-0.0012534040343907104
DAMK,8089.0,0.0012534040343907104,0.0,0.0,-0.0012534040343907104
HJP,7914.0,0.001226287492665111,0.0,0.0,-0.001226287492665111
RJANSWP,7803.0,0.0012090878576277307,0.0,0.0,-0.0012090878576277307
GPI,7776.0,0.0012049041626186383,0.0,0.0,-0.0012049041626186383
GSNJP,7761.0,0.001202579887613587,0.0,0.0,-0.001202579887613587
BJKVP,7747.0,0.001200410564275539,0.0,0.0,-0.001200410564275539
BJNJGD,7736.0,0.0011987060959385014,0.0,0.0,-0.0011987060959385014
GBLRPBP,7734.0,0.0011983961926044944,0.0,0.0,-0.0011983961926044944
PRSHP,7696.0,0.0011925080292583643,0.0,0.0,-0.0011925080292583643
JASWP,7684.0,0.0011906486092543233,0.0,0.0,-0.0011906486092543233
HRJSP,7646.0,0.001184760445908193,0.0,0.0,-0.001184760445908193
RaJPa,7646.0,0.001184760445908193,0.0,0.0,-0.001184760445908193
LSWP,7554.0,0.0011705048925438777,0.0,0.0,-0.0011705048925438777
NIDP,7430.0,0.001151290885835453,0.0,0.0,-0.001151290885835453
AIAM,7345.0,0.0011381199941401618,0.0,0.0,-0.0011381199941401618
MwSP,7136.0,0.001105735095736446,0.0,0.0,-0.001105735095736446
SAMO,7087.0,0.0010981424640532779,0.0,0.0,-0.0010981424640532779
MLPOIRF,7085.0,0.0010978325607192711,0.0,0.0,-0.0010978325607192711
JASP,7060.0,0.0010939587690441854,0.0,0.0,-0.0010939587690441854
SVSAP,6879.0,0.0010659125173165655,0.0,0.0,-0.0010659125173165655
ARPS,6846.0,0.0010607991123054523,0.0,0.0,-0.0010607991123054523
SBSPSP,6698.0,0.0010378662655889453,0.0,0.0,-0.0010378662655889453
VKRMSP,6678.0,0.0010347672322488768,0.0,0.0,-0.0010347672322488768
PDS,6651.0,0.0010305835372397844,0.0,0.0,-0.0010305835372397844
ANCHDMCP,6622.0,0.001026089938896685,0.0,0.0,-0.001026089938896685
RTJSD,6617.0,0.001025315180561668,0.0,0.0,-0.001025315180561668
SamSP,6614.0,0.0010248503255606575,0.0,0.0,-0.0010248503255606575
NDS,6607.0,0.0010237656638916338,0.0,0.0,-0.0010237656638916338
BTC,6603.0,0.00102314585722362,0.0,0.0,-0.00102314585722362
LSNP,6542.0,0.001013693805536411,0.0,0.0,-0.001013693805536411
SMJVKP,6373.0,0.000987506973812832,0.0,0.0,-0.000987506973812832
BHJJP,6340.0,0.000982393568801719,0.0,0.0,-0.000982393568801719
RJSPS,6251.0,0.0009686028704384141,0.0,0.0,-0.0009686028704384141
cvgrp,6227.0,0.0009648840304303319,0.0,0.0,-0.0009648840304303319
BAP(R),6160.0,0.0009545022687411025,0.0,0.0,-0.0009545022687411025
APKAWZP,6087.0,0.0009431907970498522,0.0,0.0,-0.0009431907970498522
SaRaPa,6075.0,0.0009413313770458111,0.0,0.0,-0.0009413313770458111
NBNGPLPP,6073.0,0.0009410214737118044,0.0,0.0,-0.0009410214737118044
BHRTJDOP,6045.0,0.0009366828270357084,0.0,0.0,-0.0009366828270357084
AAPP,6033.0,0.0009348234070316674,0.0,0.0,-0.0009348234070316674
BJSAP,5968.0,0.0009247515486764446,0.0,0.0,-0.0009247515486764446
RSWD,5919.0,0.0009171589169932768,0.0,0.0,-0.0009171589169932768
TLRDSMTP,5906.0,0.0009151445453222323,0.0,0.0,-0.0009151445453222323
BHRTLKCHTP,5852.0,0.0009067771553040473,0.0,0.0,-0.0009067771553040473
AHNP,5833.0,0.0009038330736309822,0.0,0.0,-0.0009038330736309822
INSAF,5781.0,0.0008957755869468041,0.0,0.0,-0.0008957755869468041
UPP,5778.0,0.0008953107319457938,0.0,0.0,-0.0008953107319457938
SJPA,5771.0,0.0008942260702767698,0.0,0.0,-0.0008942260702767698
BKrD,5723.0,0.0008867883902606053,0.0,0.0,-0.0008867883902606053
RSTWDIBHRT,5702.0,0.0008835344052535334,0.0,0.0,-0.0008835344052535334
HSS,5625.0,0.0008716031268942696,0.0,0.0,-0.0008716031268942696
BhAmAP,5585.0,0.0008654050602141325,0.0,0.0,-0.0008654050602141325
JCVIVP,5568.0,0.0008627708818750743,0.0,0.0,-0.0008627708818750743
KJP,5491.0,0.0008508396035158105,0.0,0.0,-0.0008508396035158105
ANRP,5484.0,0.0008497549418467866,0.0,0.0,-0.0008497549418467866
AIMEIEM,5454.0,0.0008451063918366839,0.0,0.0,-0.0008451063918366839
JIHNDNTLP,5451.0,0.0008446415368356735,0.0,0.0,-0.0008446415368356735
NAUP,5319.0,0.0008241879167912214,0.0,0.0,-0.0008241879167912214
SaPP,5303.0,0.0008217086901191667,0.0,0.0,-0.0008217086901191667
SMKP,5250.0,0.000813496251767985,0.0,0.0,-0.000813496251767985
KRUP,5242.0,0.0008122566384319576,0.0,0.0,-0.0008122566384319576
DJP,5235.0,0.0008111719767629335,0.0,0.0,-0.0008111719767629335
DaP,5233.0,0.0008108620734289268,0.0,0.0,-0.0008108620734289268
bns,5183.0,0.0008031144900787554,0.0,0.0,-0.0008031144900787554
KTKD,5153.0,0.0007984659400686526,0.0,0.0,-0.0007984659400686526
SVPP,5152.0,0.0007983109884016493,0.0,0.0,-0.0007983109884016493
SPAKP,5149.0,0.000797846133400639,0.0,0.0,-0.000797846133400639
SABJANP,5147.0,0.0007975362300666321,0.0,0.0,-0.0007975362300666321
APNEP,5139.0,0.0007962966167306048,0.0,0.0,-0.0007962966167306048
RGD,5105.0,0.0007910282600524883,0.0,0.0,-0.0007910282600524883
LCPY,5100.0,0.0007902535017174712,0.0,0.0,-0.0007902535017174712
NWLP,5063.0,0.0007845202900383444,0.0,0.0,-0.0007845202900383444
PuPP,5054.0,0.0007831257250353135,0.0,0.0,-0.0007831257250353135
JKiP,5030.0,0.0007794068850272313,0.0,0.0,-0.0007794068850272313
PLTIJSTP,5023.0,0.0007783222233582074,0.0,0.0,-0.0007783222233582074
SaSPa,5020.0,0.000777857368357197,0.0,0.0,-0.000777857368357197
HINDSMJP,4991.0,0.0007733637700140977,0.0,0.0,-0.0007733637700140977
BRKP(D),4961.0,0.000768715220003995,0.0,0.0,-0.000768715220003995
JYVDRBP,4951.0,0.0007671657033339607,0.0,0.0,-0.0007671657033339607
PNJBNP,4934.0,0.0007645315249949025,0.0,0.0,-0.0007645315249949025
AMB,4925.0,0.0007631369599918717,0.0,0.0,-0.0007631369599918717
BHAGP,4822.0,0.0007471769382905189,0.0,0.0,-0.0007471769382905189
RTPP,4801.0,0.0007439229532834468,0.0,0.0,-0.0007439229532834468
SRPP,4799.0,0.00074361304994944,0.0,0.0,-0.00074361304994944
PMTDK,4768.0,0.0007388095482723338,0.0,0.0,-0.0007388095482723338
RMBP,4764.0,0.00073818974160432,0.0,0.0,-0.00073818974160432
VTRP,4747.0,0.0007355555632652618,0.0,0.0,-0.0007355555632652618
BRED,4732.0,0.0007332312882602104,0.0,0.0,-0.0007332312882602104
AMGRDMK,4629.0,0.0007172712665588576,0.0,0.0,-0.0007172712665588576
SSD,4618.0,0.00071556679822182,0.0,0.0,-0.00071556679822182
JNSGNDWP,4617.0,0.0007154118465548165,0.0,0.0,-0.0007154118465548165
BHMPP,4582.0,0.0007099885382096966,0.0,0.0,-0.0007099885382096966
JNSKTSMTP,4577.0,0.0007092137798746795,0.0,0.0,-0.0007092137798746795
TPSTP,4547.0,0.0007045652298645767,0.0,0.0,-0.0007045652298645767
BSaP,4507.0,0.0006983671631844397,0.0,0.0,-0.0006983671631844397
KAP,4481.0,0.0006943384198423506,0.0,0.0,-0.0006943384198423506
TRPS,4433.0,0.0006869007398261862,0.0,0.0,-0.0006869007398261862
AJP,4429.0,0.0006862809331581724,0.0,0.0,-0.0006862809331581724
RKSYPP,4401.0,0.0006819422864820765,0.0,0.0,-0.0006819422864820765
JJ,4356.0,0.0006749694614669224,0.0,0.0,-0.0006749694614669224
BHRTPNCLP,4345.0,0.0006732649931298848,0.0,0.0,-0.0006732649931298848
BHRTASP,4300.0,0.0006662921681147305,0.0,0.0,-0.0006662921681147305
ADPT,4297.0,0.0006658273131137203,0.0,0.0,-0.0006658273131137203
KS,4284.0,0.0006638129414426757,0.0,0.0,-0.0006638129414426757
ABHSP,4225.0,0.0006546707930894736,0.0,0.0,-0.0006546707930894736
GSSP,4211.0,0.0006525014697514256,0.0,0.0,-0.0006525014697514256
NMSP,4184.0,0.0006483177747423331,0.0,0.0,-0.0006483177747423331
KRUNDSVKRA,4175.0,0.0006469232097393023,0.0,0.0,-0.0006469232097393023
LLRP,4169.0,0.0006459934997372818,0.0,0.0,-0.0006459934997372818
apnipp,4109.0,0.0006366963997170762,0.0,0.0,-0.0006366963997170762
APNHQP,4094.0,0.0006343721247120249,0.0,0.0,-0.0006343721247120249
SBNP,4088.0,0.0006334424147100043,0.0,0.0,-0.0006334424147100043
INDPPLSADH,4041.0,0.0006261596863608433,0.0,0.0,-0.0006261596863608433
TMTHK,4033.0,0.0006249200730248158,0.0,0.0,-0.0006249200730248158
BTJP,4020.0,0.0006229057013537714,0.0,0.0,-0.0006229057013537714
BYKD,4007.0,0.0006208913296827268,0.0,0.0,-0.0006208913296827268
BAWPA,3989.0,0.0006181021996766651,0.0,0.0,-0.0006181021996766651
GRBKLYNP,3979.0,0.0006165526830066309,0.0,0.0,-0.0006165526830066309
LJSPty,3954.0,0.0006126788913315452,0.0,0.0,-0.0006126788913315452
AKNDBRTSMR,3930.0,0.000608960051323463,0.0,0.0,-0.000608960051323463
RSVP,3926.0,0.0006083402446554493,0.0,0.0,-0.0006083402446554493
RACHEP,3915.0,0.0006066357763184117,0.0,0.0,-0.0006066357763184117
RSHTMNVP,3905.0,0.0006050862596483774,0.0,0.0,-0.0006050862596483774
ABSHP,3892.0,0.0006030718879773329,0.0,0.0,-0.0006030718879773329
AKLVJYP,3882.0,0.0006015223713072986,0.0,0.0,-0.0006015223713072986
GNDWDKP,3857.0,0.0005976485796322129,0.0,0.0,-0.0005976485796322129
SWTNKSP,3849.0,0.0005964089662961855,0.0,0.0,-0.0005964089662961855
UTRASMNTP,3845.0,0.0005957891596281719,0.0,0.0,-0.0005957891596281719
MPC,3793.0,0.0005877316729439937,0.0,0.0,-0.0005877316729439937
ISP,3790.0,0.0005872668179429834,0.0,0.0,-0.0005872668179429834
TK,3785.0,0.0005864920596079662,0.0,0.0,-0.0005864920596079662
BhNP,3772.0,0.0005844776879369218,0.0,0.0,-0.0005844776879369218
TLGUNGP,3741.0,0.0005796741862598156,0.0,0.0,-0.0005796741862598156
CCP,3712.0,0.0005751805879167162,0.0,0.0,-0.0005751805879167162
ASSP,3672.0,0.0005689825212365792,0.0,0.0,-0.0005689825212365792
SANBP,3656.0,0.0005665032945645244,0.0,0.0,-0.0005665032945645244
MTRSP,3634.0,0.0005630943578904489,0.0,0.0,-0.0005630943578904489
JSWBHVKP,3628.0,0.0005621646478884284,0.0,0.0,-0.0005621646478884284
AIYDPMP,3528.0,0.0005466694811880859,0.0,0.0,-0.0005466694811880859
LSD,3519.0,0.0005452749161850551,0.0,0.0,-0.0005452749161850551
MCPI,3505.0,0.000543105592847007,0.0,0.0,-0.000543105592847007
NNRP,3501.0,0.0005424857861789934,0.0,0.0,-0.0005424857861789934
BHRBKP,3430.0,0.0005314842178217501,0.0,0.0,-0.0005314842178217501
PBM,3414.0,0.0005290049911496954,0.0,0.0,-0.0005290049911496954
SUSP,3409.0,0.0005282302328146782,0.0,0.0,-0.0005282302328146782
PPIS,3392.0,0.00052559605447562,0.0,0.0,-0.00052559605447562
JaRaP,3376.0,0.0005231168278035652,0.0,0.0,-0.0005231168278035652
BRM,3358.0,0.0005203276977975035,0.0,0.0,-0.0005203276977975035
VIP,3330.0,0.0005159890511214076,0.0,0.0,-0.0005159890511214076
svjn,3280.0,0.0005082414677712362,0.0,0.0,-0.0005082414677712362
JNTSMTP,3264.0,0.0005057622410991815,0.0,0.0,-0.0005057622410991815
RJP(E),3263.0,0.0005056072894321781,0.0,0.0,-0.0005056072894321781
MJLMSMJP,3237.0,0.0005015785460900891,0.0,0.0,-0.0005015785460900891
AMJNMTP,3205.0,0.0004966200927459793,0.0,0.0,-0.0004966200927459793
RSTRSMPRP,3205.0,0.0004966200927459793,0.0,0.0,-0.0004966200927459793
RPI,3204.0,0.000496465141078976,0.0,0.0,-0.000496465141078976
RBS,3161.0,0.0004898022193978287,0.0,0.0,-0.0004898022193978287
ABUAJP,3155.0,0.0004888725093958081,0.0,0.0,-0.0004888725093958081
BHRTJNTM,3094.0,0.00047942045770859915,0.0,0.0,-0.00047942045770859915
APTADMK,3078.0,0.0004769412310365443,0.0,0.0,-0.0004769412310365443
BUP,3018.0,0.00046764413101633875,0.0,0.0,-0.00046764413101633875
BHAZS,3018.0,0.00046764413101633875,0.0,0.0,-0.00046764413101633875
LKSWRJP,2992.0,0.0004636153876742497,0.0,0.0,-0.0004636153876742497
RASTSA,2988.0,0.000462995581006236,0.0,0.0,-0.000462995581006236
MAHMMK,2981.0,0.00046191091933721204,0.0,0.0,-0.00046191091933721204
RASMARP,2978.0,0.0004614460643362018,0.0,0.0,-0.0004614460643362018
KKJHS,2976.0,0.0004611361610021949,0.0,0.0,-0.0004611361610021949
JaSD,2955.0,0.000457882175995123,0.0,0.0,-0.000457882175995123
JUSTIP,2946.0,0.0004564876109920921,0.0,0.0,-0.0004564876109920921
SBKP,2944.0,0.00045617770765808534,0.0,0.0,-0.00045617770765808534
UMEDPI,2944.0,0.00045617770765808534,0.0,0.0,-0.00045617770765808534
SMSSMJP,2904.0,0.00044997964097794827,0.0,0.0,-0.00044997964097794827
NBHS,2898.0,0.0004490499309759277,0.0,0.0,-0.0004490499309759277
RPIS,2818.0,0.0004366537976156536,0.0,0.0,-0.0004366537976156536
BPKP,2816.0,0.00043634389428164684,0.0,0.0,-0.00043634389428164684
AZSP,2791.0,0.00043247010260656117,0.0,0.0,-0.00043247010260656117
NPM,2779.0,0.00043061068260252,0.0,0.0,-0.00043061068260252
ABCD(A),2777.0,0.00043030077926851316,0.0,0.0,-0.00043030077926851316
GRBDMCTP,2748.0,0.0004258071809254138,0.0,0.0,-0.0004258071809254138
BPSJP,2737.0,0.00042410271258837615,0.0,0.0,-0.00042410271258837615
STHSHKRVP,2673.0,0.0004141858059001569,0.0,0.0,-0.0004141858059001569
SAAFP,2666.0,0.0004131011442311329,0.0,0.0,-0.0004131011442311329
BTJSP,2640.0,0.0004090724008890439,0.0,0.0,-0.0004090724008890439
JMM(U),2615.0,0.0004051986092139582,0.0,0.0,-0.0004051986092139582
VKK,2599.0,0.00040271938254190343,0.0,0.0,-0.00040271938254190343
BMJP,2566.0,0.00039760597753079035,0.0,0.0,-0.00039760597753079035
SERSNMH,2533.0,0.00039249257251967726,0.0,0.0,-0.00039249257251967726
SMARTIP,2510.0,0.0003889286841785985,0.0,0.0,-0.0003889286841785985
AMM,2505.0,0.00038815392584358135,0.0,0.0,-0.00038815392584358135
AIUC,2500.0,0.00038737916750856424,0.0,0.0,-0.00038737916750856424
pms,2468.0,0.00038242071416445464,0.0,0.0,-0.00038242071416445464
GJRTLKTNTP,2458.0,0.00038087119749442036,0.0,0.0,-0.00038087119749442036
ODSHJP,2442.0,0.0003783919708223656,0.0,0.0,-0.0003783919708223656
BNRP,2434.0,0.0003771523574863382,0.0,0.0,-0.0003771523574863382
APKGNTRP,2432.0,0.0003768424541523313,0.0,0.0,-0.0003768424541523313
PAP,2429.0,0.00037637759915132106,0.0,0.0,-0.00037637759915132106
BRMNP,2426.0,0.00037591274415031076,0.0,0.0,-0.00037591274415031076
GaAP,2425.0,0.00037575779248330733,0.0,0.0,-0.00037575779248330733
AHIMSASP,2421.0,0.0003751379858152936,0.0,0.0,-0.0003751379858152936
BNGNBNRMS,2410.0,0.00037343351747825594,0.0,0.0,-0.00037343351747825594
INGRP,2387.0,0.0003698696291371772,0.0,0.0,-0.0003698696291371772
SRSMJNP,2379.0,0.0003686300158011498,0.0,0.0,-0.0003686300158011498
VSP,2361.0,0.00036584088579508814,0.0,0.0,-0.00036584088579508814
LKSNP,2350.0,0.0003641364174580504,0.0,0.0,-0.0003641364174580504
RJBVP,2347.0,0.0003636715624570401,0.0,0.0,-0.0003636715624570401
NYP,2343.0,0.00036305175578902645,0.0,0.0,-0.00036305175578902645
DSPVAD,2342.0,0.000362896804122023,0.0,0.0,-0.000362896804122023
RRS,2333.0,0.00036150223911899217,0.0,0.0,-0.00036150223911899217
SAJP,2320.0,0.00035948786744794764,0.0,0.0,-0.00035948786744794764
TMMDK,2315.0,0.00035871310911293053,0.0,0.0,-0.00035871310911293053
AADP,2311.0,0.00035809330244491685,0.0,0.0,-0.00035809330244491685
BKLJP,2310.0,0.0003579383507779134,0.0,0.0,-0.0003579383507779134
RJUP,2309.0,0.00035778339911091,0.0,0.0,-0.00035778339911091
RSD,2293.0,0.00035530417243885516,0.0,0.0,-0.00035530417243885516
US,2285.0,0.00035406455910282775,0.0,0.0,-0.00035406455910282775
ABHM,2278.0,0.00035297989743380377,0.0,0.0,-0.00035297989743380377
NIP,2269.0,0.0003515853324307729,0.0,0.0,-0.0003515853324307729
AJPK,2244.0,0.00034771154075568725,0.0,0.0,-0.00034771154075568725
SJAP,2239.0,0.00034693678242067014,0.0,0.0,-0.00034693678242067014
CHNYUTP,2195.0,0.0003401189090725194,0.0,0.0,-0.0003401189090725194
LOKJANP,2191.0,0.0003394991024045057,0.0,0.0,-0.0003394991024045057
AADMPRVTNP,2128.0,0.0003297371473832899,0.0,0.0,-0.0003297371473832899
ABMVMP,2108.0,0.0003266381140432214,0.0,0.0,-0.0003266381140432214
MKUP,2105.0,0.0003261732590422111,0.0,0.0,-0.0003261732590422111
JHNDCGP,2101.0,0.0003255534523741974,0.0,0.0,-0.0003255534523741974
RPWP,2101.0,0.0003255534523741974,0.0,0.0,-0.0003255534523741974
PBLBRP,2099.0,0.00032524354904019055,0.0,0.0,-0.00032524354904019055
SNHRABHRTP,2091.0,0.00032400393570416314,0.0,0.0,-0.00032400393570416314
MBCOI,2090.0,0.0003238489840371597,0.0,0.0,-0.0003238489840371597
ASJP,2083.0,0.0003227643223681358,0.0,0.0,-0.0003227643223681358
MANBP,2082.0,0.0003226093707011323,0.0,0.0,-0.0003226093707011323
VIPty,2033.0,0.0003150167390179645,0.0,0.0,-0.0003150167390179645
SACP,2029.0,0.00031439693234995076,0.0,0.0,-0.00031439693234995076
RPIK,2018.0,0.00031269246401291305,0.0,0.0,-0.00031269246401291305
BHRTSRVDHN,2012.0,0.0003117627540108925,0.0,0.0,-0.0003117627540108925
PUNP,2009.0,0.00031129789900988226,0.0,0.0,-0.00031129789900988226
SPSTWDJAP,2003.0,0.00031036818900786166,0.0,0.0,-0.00031036818900786166
NBPP,1994.0,0.00030897362400483086,0.0,0.0,-0.00030897362400483086
YBS,1990.0,0.00030835381733681713,0.0,0.0,-0.00030835381733681713
BHRTYLKVNP,1956.0,0.00030308546065870067,0.0,0.0,-0.00030308546065870067
SaBP,1949.0,0.0003020007989896767,0.0,0.0,-0.0003020007989896767
SamAP,1943.0,0.00030107108898765614,0.0,0.0,-0.00030107108898765614
JNTASP,1942.0,0.0003009161373206527,0.0,0.0,-0.0003009161373206527
BHRJAP,1940.0,0.00030060623398664584,0.0,0.0,-0.00030060623398664584
HFPP,1935.0,0.00029983147565162873,0.0,0.0,-0.00029983147565162873
MPJVP,1932.0,0.0002993666206506185,0.0,0.0,-0.0002993666206506185
UMK,1929.0,0.0002989017656496082,0.0,0.0,-0.0002989017656496082
MNGSMJP,1905.0,0.00029518292564152595,0.0,0.0,-0.00029518292564152595
TMK,1904.0,0.0002950279739745225,0.0,0.0,-0.0002950279739745225
BSKRP,1880.0,0.00029130913396644033,0.0,0.0,-0.00029130913396644033
SMJWDLKPRS,1880.0,0.00029130913396644033,0.0,0.0,-0.00029130913396644033
BHRASP,1874.0,0.0002903794239644198,0.0,0.0,-0.0002903794239644198
KCVP,1867.0,0.00028929476229539575,0.0,0.0,-0.00028929476229539575
TAGRNP,1843.0,0.00028557592228731357,0.0,0.0,-0.00028557592228731357
BJNP,1838.0,0.00028480116395229645,0.0,0.0,-0.00028480116395229645
VRA,1828.0,0.0002832516472822622,0.0,0.0,-0.0002832516472822622
HCHLJP,1825.0,0.00028278679228125193,0.0,0.0,-0.00028278679228125193
AJD,1817.0,0.00028154717894522446,0.0,0.0,-0.00028154717894522446
RSTHNDEKD,1806.0,0.00027984271060818686,0.0,0.0,-0.00027984271060818686
BLIP,1803.0,0.00027937785560717656,0.0,0.0,-0.00027937785560717656
MANAK,1792.0,0.00027767338727013885,0.0,0.0,-0.00027767338727013885
PRJVNIP,1792.0,0.00027767338727013885,0.0,0.0,-0.00027767338727013885
NP,1767.0,0.00027379959559505323,0.0,0.0,-0.00027379959559505323
PEOPRTCP,1737.0,0.00026915104558495045,0.0,0.0,-0.00026915104558495045
KJD,1735.0,0.00026884114225094363,0.0,0.0,-0.00026884114225094363
ILP(AP),1729.0,0.00026791143224892303,0.0,0.0,-0.00026791143224892303
TLGNARJYS,1727.0,0.00026760152891491617,0.0,0.0,-0.00026760152891491617
ARP,1727.0,0.00026760152891491617,0.0,0.0,-0.00026760152891491617
AKNDBHRJNP,1716.0,0.0002658970605778785,0.0,0.0,-0.0002658970605778785
AimPP,1715.0,0.0002657421089108751,0.0,0.0,-0.0002657421089108751
BED,1704.0,0.0002640376405738374,0.0,0.0,-0.0002640376405738374
KMGRKSNP,1701.0,0.0002635727855728271,0.0,0.0,-0.0002635727855728271
ANSP,1698.0,0.00026310793057181687,0.0,0.0,-0.00026310793057181687
JDKRP,1690.0,0.0002618683172357894,0.0,0.0,-0.0002618683172357894
PRVPOI,1686.0,0.0002612485105677757,0.0,0.0,-0.0002612485105677757
BHAJASP,1685.0,0.00026109355890077234,0.0,0.0,-0.00026109355890077234
RDD,1683.0,0.0002607836555667655,0.0,0.0,-0.0002607836555667655
PCHVP,1682.0,0.00026062870389976204,0.0,0.0,-0.00026062870389976204
YVP,1679.0,0.00026016384889875174,0.0,0.0,-0.00026016384889875174
BAAP,1675.0,0.00025954404223073807,0.0,0.0,-0.00025954404223073807
TJP,1648.0,0.0002553603472216456,0.0,0.0,-0.0002553603472216456
JNSHSK,1644.0,0.0002547405405536319,0.0,0.0,-0.0002547405405536319
RasLP,1641.0,0.00025427568555262155,0.0,0.0,-0.00025427568555262155
RJ,1639.0,0.00025396578221861474,0.0,0.0,-0.00025396578221861474
SWJP,1637.0,0.00025365587888460787,0.0,0.0,-0.00025365587888460787
ATBP,1617.0,0.00025055684554453936,0.0,0.0,-0.00025055684554453936
YSEP,1616.0,0.00025040189387753593,0.0,0.0,-0.00025040189387753593
PS,1614.0,0.00025009199054352906,0.0,0.0,-0.00025009199054352906
HMSP,1614.0,0.00025009199054352906,0.0,0.0,-0.00025009199054352906
SJVP,1610.0,0.0002494721838755154,0.0,0.0,-0.0002494721838755154
ABHRTJNSVP,1602.0,0.000248232570539488,0.0,0.0,-0.000248232570539488
LSEP,1585.0,0.00024559839220042977,0.0,0.0,-0.00024559839220042977
ABD,1584.0,0.00024544344053342634,0.0,0.0,-0.00024544344053342634
JSPVR,1574.0,0.00024389392386339206,0.0,0.0,-0.00024389392386339206
HNDSWRJD,1573.0,0.00024373897219638862,0.0,0.0,-0.00024373897219638862
IUC,1572.0,0.0002435840205293852,0.0,0.0,-0.0002435840205293852
BHLBP,1552.0,0.0002404849871893167,0.0,0.0,-0.0002404849871893167
bhp,1549.0,0.00024002013218830644,0.0,0.0,-0.00024002013218830644
BLKSKTIP,1537.0,0.0002381607121842653,0.0,0.0,-0.0002381607121842653
RNVP,1527.0,0.00023661119551423104,0.0,0.0,-0.00023661119551423104
AlPP,1495.0,0.00023165274217012142,0.0,0.0,-0.00023165274217012142
RSHSNSP,1494.0,0.000231497790503118,0.0,0.0,-0.000231497790503118
PASIP,1493.0,0.00023134283883611458,0.0,0.0,-0.00023134283883611458
MMKA,1488.0,0.00023056808050109744,0.0,0.0,-0.00023056808050109744
BHUNP,1483.0,0.00022979332216608033,0.0,0.0,-0.00022979332216608033
AJPty,1478.0,0.0002290185638310632,0.0,0.0,-0.0002290185638310632
RSHTSMNYPP,1474.0,0.00022839875716304948,0.0,0.0,-0.00022839875716304948
JNLKVKSP,1473.0,0.00022824380549604605,0.0,0.0,-0.00022824380549604605
BhBSP,1459.0,0.0002260744821579981,0.0,0.0,-0.0002260744821579981
TRP,1452.0,0.00022498982048897414,0.0,0.0,-0.00022498982048897414
AVIRP,1444.0,0.00022375020715294672,0.0,0.0,-0.00022375020715294672
SZPB,1441.0,0.00022328535215193642,0.0,0.0,-0.00022328535215193642
VSJNP,1421.0,0.00022018631881186795,0.0,0.0,-0.00022018631881186795
SMBSP,1412.0,0.0002187917538088371,0.0,0.0,-0.0002187917538088371
SWSSP,1408.0,0.00021817194714082342,0.0,0.0,-0.00021817194714082342
SPIP,1400.0,0.00021693233380479598,0.0,0.0,-0.00021693233380479598
ADJP,1376.0,0.0002132134937967138,0.0,0.0,-0.0002132134937967138
aimpr,1374.0,0.0002129035904627069,0.0,0.0,-0.0002129035904627069
YVTRP,1369.0,0.0002121288321276898,0.0,0.0,-0.0002121288321276898
HJPS,1366.0,0.00021166397712667952,0.0,0.0,-0.00021166397712667952
PRJP,1364.0,0.00021135407379267265,0.0,0.0,-0.00021135407379267265
BGVKP,1347.0,0.00020871989545361442,0.0,0.0,-0.00020871989545361442
RTJNMS,1333.0,0.00020655057211556646,0.0,0.0,-0.00020655057211556646
grac,1331.0,0.00020624066878155962,0.0,0.0,-0.00020624066878155962
SKJLP,1324.0,0.00020515600711253562,0.0,0.0,-0.00020515600711253562
RtrJP,1319.0,0.0002043812487775185,0.0,0.0,-0.0002043812487775185
JNSKJNDL,1318.0,0.00020422629711051507,0.0,0.0,-0.00020422629711051507
LSMP,1294.0,0.0002005074571024329,0.0,0.0,-0.0002005074571024329
RViP,1269.0,0.00019663366542734722,0.0,0.0,-0.00019663366542734722
BLFP,1265.0,0.0001960138587593335,0.0,0.0,-0.0001960138587593335
RJSTHNRJP,1264.0,0.00019585890709233008,0.0,0.0,-0.00019585890709233008
ABHKP,1259.0,0.00019508414875731294,0.0,0.0,-0.00019508414875731294
PEP,1252.0,0.00019399948708828898,0.0,0.0,-0.00019399948708828898
CHALP,1243.0,0.00019260492208525817,0.0,0.0,-0.00019260492208525817
RVP,1240.0,0.0001921400670842479,0.0,0.0,-0.0001921400670842479
IBP,1239.0,0.00019198511541724446,0.0,0.0,-0.00019198511541724446
PHCPP,1228.0,0.00019028064708020677,0.0,0.0,-0.00019028064708020677
SRVRP,1202.0,0.0001862519037381177,0.0,0.0,-0.0001862519037381177
nafp,1197.0,0.00018547714540310056,0.0,0.0,-0.00018547714540310056
MEDP,1194.0,0.0001850122904020903,0.0,0.0,-0.0001850122904020903
NJMP,1193.0,0.00018485733873508688,0.0,0.0,-0.00018485733873508688
SJSMP,1191.0,0.00018454743540108,0.0,0.0,-0.00018454743540108
ASaP,1190.0,0.00018439248373407658,0.0,0.0,-0.00018439248373407658
KMSMP,1177.0,0.00018237811206303205,0.0,0.0,-0.00018237811206303205
AACP,1173.0,0.00018175830539501835,0.0,0.0,-0.00018175830539501835
RAJUP,1157.0,0.00017927907872296355,0.0,0.0,-0.00017927907872296355
RSSCMJP,1136.0,0.0001760250937158916,0.0,0.0,-0.0001760250937158916
NGPP,1133.0,0.00017556023871488134,0.0,0.0,-0.00017556023871488134
JaHP,1130.0,0.00017509538371387106,0.0,0.0,-0.00017509538371387106
SNYGWDIP,1128.0,0.0001747854803798642,0.0,0.0,-0.0001747854803798642
JSKP,1120.0,0.00017354586704383679,0.0,0.0,-0.00017354586704383679
IMP,1117.0,0.0001730810120428265,0.0,0.0,-0.0001730810120428265
RATLJNTAP,1116.0,0.00017292606037582308,0.0,0.0,-0.00017292606037582308
AaSamP,1100.0,0.00017044683370376828,0.0,0.0,-0.00017044683370376828
RJSNP,1090.0,0.000168897317033734,0.0,0.0,-0.000168897317033734
bmd,1078.0,0.0001670378970296929,0.0,0.0,-0.0001670378970296929
ManKP,1076.0,0.00016672799369568607,0.0,0.0,-0.00016672799369568607
VTIP,1073.0,0.0001662631386946758,0.0,0.0,-0.0001662631386946758
PSS,1069.0,0.0001656433320266621,0.0,0.0,-0.0001656433320266621
LKRJJNTP,1061.0,0.00016440371869063468,0.0,0.0,-0.00016440371869063468
ABMP,1057.0,0.00016378391202262097,0.0,0.0,-0.00016378391202262097
VINPA,1054.0,0.0001633190570216107,0.0,0.0,-0.0001633190570216107
SLDP,1044.0,0.00016176954035157645,0.0,0.0,-0.00016176954035157645
PNGDSP,1040.0,0.00016114973368356274,0.0,0.0,-0.00016114973368356274
NSCBRAP,1019.0,0.0001578957486764908,0.0,0.0,-0.0001578957486764908
RSSDP,994.0,0.00015402195700140516,0.0,0.0,-0.00015402195700140516
SSF,987.0,0.00015293729533238118,0.0,0.0,-0.00015293729533238118
RJnPty,983.0,0.00015231748866436747,0.0,0.0,-0.00015231748866436747
INDMP,982.0,0.00015216253699736404,0.0,0.0,-0.00015216253699736404
KPPR,978.0,0.00015154273032935033,0.0,0.0,-0.00015154273032935033
MAIIJP,960.0,0.0001487536003232887,0.0,0.0,-0.0001487536003232887
JNTADRBARP,956.0,0.000148133793655275,0.0,0.0,-0.000148133793655275
BLNDBHRTP,955.0,0.00014797884198827156,0.0,0.0,-0.00014797884198827156
PSPU,952.0,0.00014751398698726126,0.0,0.0,-0.00014751398698726126
WPOI,951.0,0.00014735903532025785,0.0,0.0,-0.00014735903532025785
AIUUK,950.0,0.00014720408365325442,0.0,0.0,-0.00014720408365325442
BHJMP,945.0,0.00014642932531823728,0.0,0.0,-0.00014642932531823728
AaSaP,945.0,0.00014642932531823728,0.0,0.0,-0.00014642932531823728
BRJ,941.0,0.0001458095186502236,0.0,0.0,-0.0001458095186502236
BKP,940.0,0.00014565456698322016,0.0,0.0,-0.00014565456698322016
JRVP,939.0,0.00014549961531621673,0.0,0.0,-0.00014549961531621673
AIMK,937.0,0.0001451897119822099,0.0,0.0,-0.0001451897119822099
JKRP,936.0,0.00014503476031520646,0.0,0.0,-0.00014503476031520646
SBM,930.0,0.0001441050503131859,0.0,0.0,-0.0001441050503131859
ABKMP,924.0,0.00014317534031116537,0.0,0.0,-0.00014317534031116537
SRKRP,909.0,0.00014085106530611398,0.0,0.0,-0.00014085106530611398
DSPI,885.0,0.00013713222529803176,0.0,0.0,-0.00013713222529803176
BJJP,879.0,0.0001362025152960112,0.0,0.0,-0.0001362025152960112
ASGP,865.0,0.00013403319195796323,0.0,0.0,-0.00013403319195796323
UPRP,854.0,0.00013232872362092557,0.0,0.0,-0.00013232872362092557
DIGVBHP,850.0,0.00013170891695291184,0.0,0.0,-0.00013170891695291184
RPIB,848.0,0.000131399013618905,0.0,0.0,-0.000131399013618905
JSEP,847.0,0.0001312440619519016,0.0,0.0,-0.0001312440619519016
INYJP,847.0,0.0001312440619519016,0.0,0.0,-0.0001312440619519016
SatBP,842.0,0.00013046930361688446,0.0,0.0,-0.00013046930361688446
BRSBD,841.0,0.00013031435194988102,0.0,0.0,-0.00013031435194988102
ABML(S),821.0,0.0001272153186098125,0.0,0.0,-0.0001272153186098125
NWLBRP,819.0,0.00012690541527580565,0.0,0.0,-0.00012690541527580565
AKBAP,818.0,0.00012675046360880222,0.0,0.0,-0.00012675046360880222
KNBHJSWP,817.0,0.0001265955119417988,0.0,0.0,-0.0001265955119417988
PPSP,802.0,0.00012427123693674742,0.0,0.0,-0.00012427123693674742
JSKHP,797.0,0.0001234964786017303,0.0,0.0,-0.0001234964786017303
RSHTBHUP,795.0,0.00012318657526772344,0.0,0.0,-0.00012318657526772344
RMEP,791.0,0.00012256676859970973,0.0,0.0,-0.00012256676859970973
TCPY,790.0,0.00012241181693270633,0.0,0.0,-0.00012241181693270633
CSBGP,790.0,0.00012241181693270633,0.0,0.0,-0.00012241181693270633
LPRSTRP,782.0,0.0001211722035966789,0.0,0.0,-0.0001211722035966789
AnAP,781.0,0.00012101725192967548,0.0,0.0,-0.00012101725192967548
ABSTP,780.0,0.00012086230026267205,0.0,0.0,-0.00012086230026267205
MNDB,772.0,0.00011962268692664465,0.0,0.0,-0.00011962268692664465
RCMP,771.0,0.00011946773525964122,0.0,0.0,-0.00011946773525964122
bhmm,766.0,0.00011869297692462409,0.0,0.0,-0.00011869297692462409
RJKMP,764.0,0.00011838307359061724,0.0,0.0,-0.00011838307359061724
TMNK,761.0,0.00011791821858960698,0.0,0.0,-0.00011791821858960698
BTMSP,758.0,0.00011745336358859669,0.0,0.0,-0.00011745336358859669
ABTP,742.0,0.00011497413691654188,0.0,0.0,-0.00011497413691654188
JeSM,741.0,0.00011481918524953845,0.0,0.0,-0.00011481918524953845
MNK,736.0,0.00011404442691452133,0.0,0.0,-0.00011404442691452133
BHRLVP,723.0,0.00011203005524347678,0.0,0.0,-0.00011203005524347678
JHUP,711.0,0.00011017063523943569,0.0,0.0,-0.00011017063523943569
AIPDP,711.0,0.00011017063523943569,0.0,0.0,-0.00011017063523943569
BBKD,709.0,0.00010986073190542882,0.0,0.0,-0.00010986073190542882
ALPU,695.0,0.00010769140856738088,0.0,0.0,-0.00010769140856738088
ANC,688.0,0.0001066067468983569,0.0,0.0,-0.0001066067468983569
RaCP,685.0,0.00010614189189734661,0.0,0.0,-0.00010614189189734661
BPS,683.0,0.00010583198856333976,0.0,0.0,-0.00010583198856333976
NRPI,657.0,0.00010180324522125068,0.0,0.0,-0.00010180324522125068
STWDRKSKP,657.0,0.00010180324522125068,0.0,0.0,-0.00010180324522125068
SACSP,652.0,0.00010102848688623357,0.0,0.0,-0.00010102848688623357
YIPP,649.0,0.00010056363188522328,0.0,0.0,-0.00010056363188522328
ADRSP,643.0,9.963392188320274e-05,0.0,0.0,-9.963392188320274e-05
RLPI,641.0,9.932401854919587e-05,0.0,0.0,-9.932401854919587e-05
AIJYMKG,633.0,9.808440521316847e-05,0.0,0.0,-9.808440521316847e-05
PRJPP,633.0,9.808440521316847e-05,0.0,0.0,-9.808440521316847e-05
MSMDNP,622.0,9.63799368761308e-05,0.0,0.0,-9.63799368761308e-05
RRP,614.0,9.514032354010339e-05,0.0,0.0,-9.514032354010339e-05
BIP,610.0,9.452051687208968e-05,0.0,0.0,-9.452051687208968e-05
MBMP,604.0,9.359080687006912e-05,0.0,0.0,-9.359080687006912e-05
KSNVSWP,603.0,9.34358552030657e-05,0.0,0.0,-9.34358552030657e-05
VTIPP,601.0,9.312595186905885e-05,0.0,0.0,-9.312595186905885e-05
AWMIPCHDAP,594.0,9.204129020003487e-05,0.0,0.0,-9.204129020003487e-05
BNPA,586.0,9.080167686400746e-05,0.0,0.0,-9.080167686400746e-05
GSD,583.0,9.033682186299718e-05,0.0,0.0,-9.033682186299718e-05
AINDKSJNTP,578.0,8.956206352798006e-05,0.0,0.0,-8.956206352798006e-05
KRJAP,575.0,8.909720852696978e-05,0.0,0.0,-8.909720852696978e-05
RSTRSURKP,574.0,8.894225685996635e-05,0.0,0.0,-8.894225685996635e-05
DKD,547.0,8.475856185087387e-05,0.0,0.0,-8.475856185087387e-05
NSBHP,545.0,8.4448658516867e-05,0.0,0.0,-8.4448658516867e-05
ABASP,544.0,8.429370684986358e-05,0.0,0.0,-8.429370684986358e-05
AASPP,528.0,8.181448017780877e-05,0.0,0.0,-8.181448017780877e-05
RTBHP,518.0,8.026496350777452e-05,0.0,0.0,-8.026496350777452e-05
AIMEP,515.0,7.980010850676424e-05,0.0,0.0,-7.980010850676424e-05
CoAP,501.0,7.763078516871627e-05,0.0,0.0,-7.763078516871627e-05
BYPP,494.0,7.654612349969229e-05,0.0,0.0,-7.654612349969229e-05
SDC,490.0,7.59263168316786e-05,0.0,0.0,-7.59263168316786e-05
KP,477.0,7.391194516063406e-05,0.0,0.0,-7.391194516063406e-05
HSVP,476.0,7.375699349363063e-05,0.0,0.0,-7.375699349363063e-05
BVD,470.0,7.282728349161008e-05,0.0,0.0,-7.282728349161008e-05
BNGLRNNP,461.0,7.143271848857925e-05,0.0,0.0,-7.143271848857925e-05
DPRMP,454.0,7.034805681955527e-05,0.0,0.0,-7.034805681955527e-05
RPIA,454.0,7.034805681955527e-05,0.0,0.0,-7.034805681955527e-05
SRVLKTSP,446.0,6.910844348352787e-05,0.0,0.0,-6.910844348352787e-05
DS,434.0,6.724902347948675e-05,0.0,0.0,-6.724902347948675e-05
NETHNP,430.0,6.662921681147306e-05,0.0,0.0,-6.662921681147306e-05
MTP,423.0,6.554455514244907e-05,0.0,0.0,-6.554455514244907e-05
SMJSNGP,419.0,6.492474847443537e-05,0.0,0.0,-6.492474847443537e-05
NPT,414.0,6.414999013941825e-05,0.0,0.0,-6.414999013941825e-05
BMAP,396.0,6.136086013335658e-05,0.0,0.0,-6.136086013335658e-05
AINRS,396.0,6.136086013335658e-05,0.0,0.0,-6.136086013335658e-05
BJVA,391.0,6.058610179833945e-05,0.0,0.0,-6.058610179833945e-05
BSSSSP,373.0,5.7796971792277786e-05,0.0,0.0,-5.7796971792277786e-05
APRS,358.0,5.54726967872264e-05,0.0,0.0,-5.54726967872264e-05
ABSPARTY,321.0,4.973948510809965e-05,0.0,0.0,-4.973948510809965e-05
LJD,316.0,4.896472677308252e-05,0.0,0.0,-4.896472677308252e-05
KKMP,314.0,4.865482343907567e-05,0.0,0.0,-4.865482343907567e-05
TMNP,314.0,4.865482343907567e-05,0.0,0.0,-4.865482343907567e-05
BDPty,310.0,4.803501677106197e-05,0.0,0.0,-4.803501677106197e-05
AllJP,269.0,4.168199842392152e-05,0.0,0.0,-4.168199842392152e-05
BLokSP,262.0,4.059733675489754e-05,0.0,0.0,-4.059733675489754e-05
RPI(S),259.0,4.013248175388726e-05,0.0,0.0,-4.013248175388726e-05
RMGLMP,257.0,3.9822578419880405e-05,0.0,0.0,-3.9822578419880405e-05
RJAVP,215.0,3.331460840573653e-05,0.0,0.0,-3.331460840573653e-05
AIBPSP,210.0,3.25398500707194e-05,0.0,0.0,-3.25398500707194e-05
TPJRP,141.0,2.1848185047483025e-05,0.0,0.0,-2.1848185047483025e-05
INDPJC,141.0,2.1848185047483025e-05,0.0,0.0,-2.1848185047483025e-05
