state,lok_sabha_constituency,has_nfhs4,has_nfhs5,coverage_share_nfhs4,coverage_share_nfhs5,fertility_rate_change,electricity_pct_change,improved_sanitation_pct_change,lpg_pct_change,mobile_phone_pct_change,bank_account_pct_change,women_secondary_edu_pct_change,female_literacy_pct_change,male_literacy_pct_change,wealth_index_mean_change,urban_pct_change,fertility_rate_annual_change,electricity_pct_annual_change,improved_sanitation_pct_annual_change,lpg_pct_annual_change,mobile_phone_pct_annual_change,bank_account_pct_annual_change,women_secondary_edu_pct_annual_change,female_literacy_pct_annual_change,male_literacy_pct_annual_change,wealth_index_mean_annual_change,urban_pct_annual_change,change_quality_flag
Andhra Pradesh,ADILABAD,True,True,1.0,1.0,,0.0,0.0,0.0,0.0,,,,,,0.0,,0.0,0.0,0.0,0.0,,,,,,0.0,medium
Andhra Pradesh,"AMALAPURAM (SC) 161-Ramachandrapuram, 62-Mummidivaram",True,True,1.0,1.0,,36.73180778049188,44.5412773395446,31.766997608953247,57.27522252710167,,,,,,-9.082591576327763,,7.346361556098375,8.90825546790892,6.353399521790649,11.455044505420334,,,,,,-1.8165183152655526,low
Andhra Pradesh,ANAKAPALLE,True,True,1.0,1.0,,23.950576912698224,12.463575874576744,23.320497734184258,45.41057957092771,,,,,,-10.753228648271572,,4.7901153825396445,2.492715174915349,4.664099546836852,9.082115914185541,,,,,,-2.150645729654314,low
Andhra Pradesh,ANANTAPUR,True,True,1.0,1.0,,24.329914702860393,33.39497980723527,30.12614712004644,4.708047396447055,,,,,,0.46342682127529855,,4.865982940572079,6.678995961447055,6.025229424009288,0.9416094792894111,,,,,,0.09268536425505972,low
Andhra Pradesh,ARAKU,True,True,1.0,1.0,,15.473869478888517,33.47392131658751,27.32845646031769,34.990217970831836,,,,,,-16.306128762199442,,3.0947738957777036,6.694784263317501,5.465691292063537,6.998043594166367,,,,,,-3.2612257524398887,low
Andhra Pradesh,BAPATLA,True,True,1.0,1.0,,32.30771270469765,6.085638632882613,12.780151449862867,16.989468767614063,,,,,,0.2395232720427014,,6.46154254093953,1.2171277265765226,2.5560302899725733,3.397893753522813,,,,,,0.04790465440854028,low
Andhra Pradesh,BHONGIR,True,True,1.0001,1.0001,,-27.709375141965594,31.615470327181416,23.14840201713427,32.054269724380745,,,,,,28.330639029363176,,-5.541875028393119,6.323094065436283,4.629680403426854,6.410853944876149,,,,,,5.666127805872636,low
Andhra Pradesh,CHEVELLA,True,True,1.0,1.0,,-28.747055916536333,51.708886148093676,1.4361703042973417,17.40803173454865,,,,,,15.819567913763741,,-5.7494111833072665,10.341777229618735,0.28723406085946834,3.48160634690973,,,,,,3.1639135827527483,low
Andhra Pradesh,CHITTOOR,True,True,1.0,1.0,,8.569339471751064,32.51628753835006,19.184900224860613,38.62113388949784,,,,,,-5.073916372741962,,1.7138678943502128,6.503257507670012,3.8369800449721225,7.724226777899569,,,,,,-1.0147832745483925,low
Andhra Pradesh,ELURU,True,True,1.0,1.0,,8.632675445402413,-3.7437535515808946,4.217165707080007,42.7498936908801,,,,,,-50.61609353149586,,1.7265350890804825,-0.7487507103161789,0.8434331414160013,8.54997873817602,,,,,,-10.123218706299173,low
Andhra Pradesh,GUNTUR,True,True,1.0,1.0,,27.17763470531061,7.566434928416783,29.90391183595295,12.641946830547475,,,,,,12.641946830547475,,5.435526941062122,1.5132869856833566,5.98078236719059,2.528389366109495,,,,,,2.528389366109495,low
Andhra Pradesh,HINDUPUR,True,True,1.0,1.0,,24.329914702860393,33.39497980723527,30.12614712004644,4.708047396447055,,,,,,0.46342682127529855,,4.865982940572079,6.678995961447055,6.025229424009288,0.9416094792894111,,,,,,0.09268536425505972,low
Andhra Pradesh,HYDERABAD,True,True,1.0,1.0,,0.0,0.0,0.0,0.0,,,,,,0.0,,0.0,0.0,0.0,0.0,,,,,,0.0,medium
Andhra Pradesh,KADAPA,True,True,0.0,0.0,,,,,,,,,,,,,,,,,,,,,,,medium
Andhra Pradesh,KAKINADA,True,True,1.0,1.0,,36.73180778049188,44.5412773395446,31.766997608953247,57.27522252710167,,,,,,-9.082591576327763,,7.346361556098375,8.90825546790892,6.353399521790649,11.455044505420334,,,,,,-1.8165183152655526,low
Andhra Pradesh,KARIMNAGAR,True,True,1.0,1.0,,0.0,0.0,0.0,0.0,,,,,,0.0,,0.0,0.0,0.0,0.0,,,,,,0.0,medium
Andhra Pradesh,KHAMMAM,True,True,1.0,1.0,,0.0,0.0,0.0,0.0,,,,,,0.0,,0.0,0.0,0.0,0.0,,,,,,0.0,medium
Andhra Pradesh,KURNOOL,True,True,1.0,1.0,,22.69996520009188,33.05601526068993,11.933977348123545,16.63984654197649,,,,,,5.299559835353934,,4.539993040018376,6.611203052137986,2.386795469624709,3.3279693083952977,,,,,,1.0599119670707868,low
Andhra Pradesh,MACHILIPATNAM,True,True,1.0,1.0,,3.0194445865479196,-54.621524716243194,-20.861202346808582,6.232645433744402,,,,,,-87.35805316945252,,0.6038889173095839,-10.92430494324864,-4.172240469361716,1.2465290867488803,,,,,,-17.471610633890503,low
Andhra Pradesh,MAHABUBABAD (ST),True,True,1.0,1.0,,0.0,0.0,0.0,0.0,,,,,,0.0,,0.0,0.0,0.0,0.0,,,,,,0.0,medium
Andhra Pradesh,MAHBUBNAGAR,True,True,1.0,1.0,,0.0,0.0,0.0,0.0,,,,,,0.0,,0.0,0.0,0.0,0.0,,,,,,0.0,medium
Andhra Pradesh,MALKAJGIRI,True,True,1.0,1.0,,-28.747055916536333,51.708886148093676,1.4361703042973417,17.40803173454865,,,,,,15.819567913763741,,-5.7494111833072665,10.341777229618735,0.28723406085946834,3.48160634690973,,,,,,3.1639135827527483,low
Andhra Pradesh,MEDAK,True,True,1.0,1.0,,0.0,0.0,0.0,0.0,,,,,,0.0,,0.0,0.0,0.0,0.0,,,,,,0.0,medium
Andhra Pradesh,NAGARKURNOOL,True,True,1.0,1.0,,0.0,0.0,0.0,0.0,,,,,,0.0,,0.0,0.0,0.0,0.0,,,,,,0.0,medium
Andhra Pradesh,NALGONDA,True,True,1.0,1.0,,-33.045207600457445,33.920526450583154,32.12304090837448,41.39698644335179,,,,,,36.50126814838201,,-6.609041520091489,6.7841052901166305,6.424608181674896,8.279397288670358,,,,,,7.300253629676402,low
Andhra Pradesh,NANDYAL,True,True,1.0,1.0,,22.69996520009188,33.05601526068993,11.933977348123545,16.63984654197649,,,,,,5.299559835353934,,4.539993040018376,6.611203052137986,2.386795469624709,3.3279693083952977,,,,,,1.0599119670707868,low
Andhra Pradesh,NARASARAOPET,True,True,1.0,1.0,,27.17763470531061,7.566434928416783,29.90391183595295,12.641946830547475,,,,,,12.641946830547475,,5.435526941062122,1.5132869856833566,5.98078236719059,2.528389366109495,,,,,,2.528389366109495,low
Andhra Pradesh,NARSAPURAM,True,True,1.0,1.0,,10.87781062162351,16.605930365182395,14.247810748373546,57.35577053123242,,,,,,-35.92033843060797,,2.175562124324702,3.321186073036479,2.849562149674709,11.471154106246484,,,,,,-7.184067686121594,low
Andhra Pradesh,NELLORE,True,True,0.1429,0.1429,,37.4377907040847,4.604842337348444,-4.343608936227216,21.33699070468065,,,,,,-12.162900286462072,,7.487558140816939,0.9209684674696887,-0.8687217872454432,4.26739814093613,,,,,,-2.4325800572924146,low
Andhra Pradesh,NIZAMABAD,True,True,1.0,1.0,,-2.1281932959056746,-9.213844385815307,4.937540112401692,-0.444487639762991,,,,,,-3.9677194751577325,,-0.4256386591811349,-1.8427688771630613,0.9875080224803383,-0.0888975279525982,,,,,,-0.7935438950315465,medium
Andhra Pradesh,ONGOLE,True,True,1.0,1.0,,37.4377907040847,4.604842337348444,-4.343608936227216,21.33699070468065,,,,,,-12.162900286462072,,7.487558140816939,0.9209684674696887,-0.8687217872454432,4.26739814093613,,,,,,-2.4325800572924146,low
Andhra Pradesh,PEDDAPALLE,True,True,1.0,1.0,,0.0,0.0,0.0,0.0,,,,,,0.0,,0.0,0.0,0.0,0.0,,,,,,0.0,medium
Andhra Pradesh,RAJAHMUNDRY,True,True,1.0,1.0,,28.114670527441064,35.230426192989675,25.92785262832203,57.30206917687845,,,,,,-18.027612602859357,,5.622934105488213,7.046085238597935,5.185570525664406,11.46041383537569,,,,,,-3.6055225205718715,low
Andhra Pradesh,RAJAMPET,True,True,0.5714,0.5714,,8.569339471751064,32.51628753835006,19.184900224860613,38.62113388949784,,,,,,-5.073916372741962,,1.7138678943502128,6.503257507670012,3.8369800449721225,7.724226777899569,,,,,,-1.0147832745483925,low
Andhra Pradesh,SECUNDERABAD,True,True,1.0,1.0,,0.0,0.0,0.0,0.0,,,,,,0.0,,0.0,0.0,0.0,0.0,,,,,,0.0,medium
Andhra Pradesh,SRIKAKULAM,True,True,1.0,1.0,,8.016098997898695,-7.031441554527007,-23.99741209245447,31.352697878652265,,,,,,-41.100639281753715,,1.603219799579739,-1.4062883109054014,-4.799482418490895,6.270539575730453,,,,,,-8.220127856350743,low
Andhra Pradesh,TIRUPATI,True,True,0.3333,0.3333,,8.569339471751064,32.51628753835006,19.184900224860613,38.62113388949784,,,,,,-5.073916372741962,,1.7138678943502128,6.503257507670012,3.8369800449721225,7.724226777899569,,,,,,-1.0147832745483925,low
Andhra Pradesh,VIJAYAWADA,True,True,1.0,1.0,,3.0194445865479196,-54.621524716243194,-20.861202346808582,6.232645433744402,,,,,,-87.35805316945252,,0.6038889173095839,-10.92430494324864,-4.172240469361716,1.2465290867488803,,,,,,-17.471610633890503,low
Andhra Pradesh,VISAKHAPATNAM,True,True,1.0,1.0,,22.01004556222965,20.551914834714022,27.286575555881917,42.71773686941506,,,,,,-10.917923834497794,,4.4020091124459295,4.1103829669428045,5.457315111176383,8.543547373883012,,,,,,-2.1835847668995587,low
Andhra Pradesh,VIZIANAGARAM,True,True,1.0,1.0,,11.083030323851531,41.55192089613796,26.796188341456418,29.855565256804617,,,,,,-20.129193353488304,,2.216606064770306,8.310384179227592,5.359237668291284,5.971113051360923,,,,,,-4.025838670697661,low
Andhra Pradesh,WARANGAL,True,True,1.0,1.0,,0.0,0.0,0.0,0.0,,,,,,0.0,,0.0,0.0,0.0,0.0,,,,,,0.0,medium
Andhra Pradesh,ZAHIRABAD,True,True,1.0,1.0,,-2.3647774506338592,-10.238116753371774,5.486429988230345,-0.49389984904997686,,,,,,-4.40879762347943,,-0.47295549012677185,-2.0476233506743546,1.097285997646069,-0.09877996980999537,,,,,,-0.8817595246958859,medium
Arunachal Pradesh,ARUNACHAL WEST,True,True,0.9656,0.9656,,24.074615489627845,-17.334576949328408,-1.1399710261780314,2.5558057142977866,,,,,,34.314291364594816,,4.814923097925569,-3.4669153898656817,-0.22799420523560626,0.5111611428595573,,,,,,6.862858272918963,medium
Arunachal Pradesh,ARUNAHCAL EAST,True,True,0.7037,0.8518,,3.476669830879061,-14.088820584050914,2.571627451107343,8.120963463456569,,,,,,16.831671688757094,,0.6953339661758122,-2.817764116810183,0.5143254902214686,1.6241926926913137,,,,,,3.366334337751419,medium
Assam,Autonomous District (ST,True,True,1.0,1.0,,0.0,0.0,0.0,0.0,,,,,,0.0,,0.0,0.0,0.0,0.0,,,,,,0.0,medium
Assam,Barpeta,True,True,1.0,1.0,,0.0,0.0,0.0,0.0,,,,,,0.0,,0.0,0.0,0.0,0.0,,,,,,0.0,medium
Assam,Dhubri,True,True,1.0,1.0,,0.0,0.0,0.0,0.0,,,,,,0.0,,0.0,0.0,0.0,0.0,,,,,,0.0,medium
Assam,Dibrugarh,True,True,1.0,1.0,,0.0,0.0,0.0,0.0,,,,,,0.0,,0.0,0.0,0.0,0.0,,,,,,0.0,medium
Assam,Gauhati,True,True,1.0,1.0,,0.0,0.0,0.0,0.0,,,,,,0.0,,0.0,0.0,0.0,0.0,,,,,,0.0,medium
Assam,Jorhat,True,True,1.0,1.0,,0.0,0.0,0.0,0.0,,,,,,0.0,,0.0,0.0,0.0,0.0,,,,,,0.0,medium
Assam,Kaliabor,True,True,1.0,1.0,,0.0,0.0,0.0,0.0,,,,,,0.0,,0.0,0.0,0.0,0.0,,,,,,0.0,medium
Assam,Karimganj,True,True,1.0,1.0,,0.0,0.0,0.0,0.0,,,,,,0.0,,0.0,0.0,0.0,0.0,,,,,,0.0,medium
Assam,Kokrajhar,True,True,1.0,1.0,,0.0,0.0,0.0,0.0,,,,,,0.0,,0.0,0.0,0.0,0.0,,,,,,0.0,medium
Assam,Lakhimpur,True,True,1.0,1.0,,0.0,0.0,0.0,0.0,,,,,,0.0,,0.0,0.0,0.0,0.0,,,,,,0.0,medium
Assam,Mangaldoi,True,True,1.0,1.0,,0.0,0.0,0.0,0.0,,,,,,0.0,,0.0,0.0,0.0,0.0,,,,,,0.0,medium
Assam,Nawgong,True,True,1.0,1.0,,0.0,0.0,0.0,0.0,,,,,,0.0,,0.0,0.0,0.0,0.0,,,,,,0.0,medium
Assam,Silchar,True,True,1.0,1.0,,0.0,0.0,0.0,0.0,,,,,,0.0,,0.0,0.0,0.0,0.0,,,,,,0.0,medium
Assam,Tezpur,True,True,1.0,1.0,,0.0,0.0,0.0,0.0,,,,,,0.0,,0.0,0.0,0.0,0.0,,,,,,0.0,medium
Bihar,Araria,True,True,1.0,1.0,,53.00032190196591,47.55167903138762,35.39379087934178,42.462897739245605,,,,,,36.30565339113158,,10.600064380393182,9.510335806277524,7.078758175868356,8.492579547849122,,,,,,7.261130678226316,low
Bihar,Arrah,True,True,1.0,1.0,,0.0,0.0,0.0,0.0,,,,,,0.0,,0.0,0.0,0.0,0.0,,,,,,0.0,medium
Bihar,Aurangabad,True,True,1.0,1.0,,0.0,0.0,0.0,0.0,,,,,,0.0,,0.0,0.0,0.0,0.0,,,,,,0.0,medium
Bihar,Banka,True,True,1.0,1.0,,-1.3953091409331257,-1.0896079344005454,0.0,0.0,,,,,,-3.585166324413412,,-0.27906182818662517,-0.21792158688010907,0.0,0.0,,,,,,-0.7170332648826825,medium
Bihar,Begusarai,True,True,1.0,1.0,,0.0,0.0,0.0,0.0,,,,,,0.0,,0.0,0.0,0.0,0.0,,,,,,0.0,medium
Bihar,Bhagalpur,True,True,1.0,1.0,,-8.370180809436864,-6.536340338335601,0.0,0.0,,,,,,-21.506696607159043,,-1.6740361618873727,-1.3072680676671202,0.0,0.0,,,,,,-4.301339321431809,low
Bihar,Buxar,True,True,1.0001,1.0001,,0.0,0.0,0.0,0.0,,,,,,0.0,,0.0,0.0,0.0,0.0,,,,,,0.0,medium
Bihar,Darbhanga,True,True,1.0,1.0,,0.0,0.0,0.0,0.0,,,,,,0.0,,0.0,0.0,0.0,0.0,,,,,,0.0,medium
Bihar,Gaya,True,True,1.0,1.0,,0.0,0.0,0.0,0.0,,,,,,0.0,,0.0,0.0,0.0,0.0,,,,,,0.0,medium
Bihar,Gopalganj 99-Baikunthpur,True,True,1.0,1.0,,69.79582313393713,67.454184911112,-16.488479063807354,-6.73469114176954,,,,,,-10.576505442236565,,13.959164626787427,13.4908369822224,-3.2976958127614706,-1.346938228353908,,,,,,-2.115301088447313,low
Bihar,Hajipur,True,True,1.0,1.0,,0.0,0.0,0.0,0.0,,,,,,0.0,,0.0,0.0,0.0,0.0,,,,,,0.0,medium
Bihar,Jahanabad,True,True,1.0,1.0,,0.0,0.0,0.0,0.0,,,,,,0.0,,0.0,0.0,0.0,0.0,,,,,,0.0,medium
Bihar,Jamui,True,True,1.0001,1.0001,,8.923899041161416,5.715122440470431,4.3143848960980025,5.966907088865942,,,,,,1.3676598219315217,,1.7847798082322832,1.143024488094086,0.8628769792196005,1.1933814177731885,,,,,,0.27353196438630434,medium
Bihar,Jhanjharpur,True,True,1.0,1.0,,61.24367853477916,27.02137453276999,14.6028608488103,0.0,,,,,,14.6028608488103,,12.24873570695583,5.404274906553998,2.92057216976206,0.0,,,,,,2.92057216976206,low
Bihar,Karakat,True,True,1.0,1.0,,0.0,0.0,0.0,0.0,,,,,,0.0,,0.0,0.0,0.0,0.0,,,,,,0.0,medium
Bihar,Katihar,True,True,1.0,1.0,,2.3809523809523796,7.142857142857125,52.3809523809524,-11.904761904761903,,,,,,0.0,,0.47619047619047594,1.4285714285714248,10.47619047619048,-2.3809523809523805,,,,,,0.0,low
Bihar,Khagaria,True,True,1.0001,1.0001,,10.921805102616151,10.776220111187126,-3.5299035748646226,-1.0213483689516227,,,,,,13.97846493051605,,2.1843610205232302,2.155244022237425,-0.7059807149729245,-0.20426967379032454,,,,,,2.79569298610321,medium
Bihar,Kishanganj,True,True,1.0,1.0,,74.68894871974302,39.49885839724251,37.22395217661018,49.98840055886143,,,,,,10.801362392594704,,14.937789743948604,7.899771679448501,7.444790435322036,9.997680111772286,,,,,,2.160272478518941,low
Bihar,Madhepura,True,True,1.0,1.0,,79.48812727645586,29.705089201038852,-10.91813145944976,-3.401216907872614,,,,,,41.93120209060919,,15.897625455291172,5.9410178402077705,-2.183626291889952,-0.6802433815745228,,,,,,8.386240418121838,low
Bihar,Madhubani,True,True,1.0,1.0,,40.83116047913726,18.01515040099775,9.735727327901827,0.0,,,,,,9.735727327901827,,8.166232095827452,3.60303008019955,1.9471454655803655,0.0,,,,,,1.9471454655803655,medium
Bihar,Maharajganj,True,True,1.0,1.0,,-2.6916584907455103,-2.4682740814216295,0.0,0.0,,,,,,0.0,,-0.5383316981491021,-0.4936548162843259,0.0,0.0,,,,,,0.0,medium
Bihar,Munger,True,True,1.0,1.0,,0.0,0.0,0.0,0.0,,,,,,0.0,,0.0,0.0,0.0,0.0,,,,,,0.0,medium
Bihar,Muzaffarpur,True,True,1.0,1.0,,0.0,0.0,0.0,0.0,,,,,,0.0,,0.0,0.0,0.0,0.0,,,,,,0.0,medium
Bihar,Nalanda,True,True,1.0,1.0,,0.0,0.0,0.0,0.0,,,,,,0.0,,0.0,0.0,0.0,0.0,,,,,,0.0,medium
Bihar,Nawada,True,True,1.0,1.0,,0.0,0.0,0.0,0.0,,,,,,0.0,,0.0,0.0,0.0,0.0,,,,,,0.0,medium
Bihar,Paschim Champaran,True,True,1.0,1.0,,37.88404477057901,9.565556348619651,20.483923586489837,26.810900857665892,,,,,,-25.24421875083428,,7.576808954115802,1.9131112697239303,4.096784717297967,5.362180171533178,,,,,,-5.0488437501668555,low
Bihar,Pataliputra,True,True,1.0,1.0,,0.0,0.0,0.0,0.0,,,,,,0.0,,0.0,0.0,0.0,0.0,,,,,,0.0,medium
Bihar,Patna Sahib,True,True,1.0,1.0,,0.0,0.0,0.0,0.0,,,,,,0.0,,0.0,0.0,0.0,0.0,,,,,,0.0,medium
Bihar,Purnia,True,True,1.0,1.0,,79.11190562822492,72.49277476543051,35.52660272158514,96.96977831571698,,,,,,20.334674903769212,,15.822381125644984,14.498554953086103,7.105320544317029,19.393955663143394,,,,,,4.066934980753842,low
Bihar,Purvi Champaran,True,True,1.0,1.0,,62.454803576385814,39.997858311507855,30.194655945329682,41.75999845748655,,,,,,9.571704604014798,,12.490960715277163,7.999571662301571,6.038931189065936,8.35199969149731,,,,,,1.9143409208029596,low
Bihar,Saran,True,True,1.0,1.0,,0.0,0.0,0.0,0.0,,,,,,0.0,,0.0,0.0,0.0,0.0,,,,,,0.0,medium
Bihar,Sasaram,True,True,1.0,1.0,,0.0,0.0,0.0,0.0,,,,,,0.0,,0.0,0.0,0.0,0.0,,,,,,0.0,medium
Bihar,Sheohar,True,True,1.0,1.0,,60.2734977944272,34.311066410099556,23.532168217613513,34.801606109054006,,,,,,12.717606468738769,,12.05469955888544,6.862213282019911,4.706433643522702,6.960321221810801,,,,,,2.543521293747754,low
Bihar,Sitamarhi,True,True,1.0,1.0,,57.266235213929434,23.46160717383403,18.400026289720074,32.50876463910749,,,,,,12.704850445775094,,11.453247042785886,4.692321434766805,3.680005257944015,6.501752927821498,,,,,,2.5409700891550187,low
Bihar,Siwan,True,True,1.0,1.0,,-8.075783050541585,-7.405562800544943,0.0,0.0,,,,,,0.0,,-1.615156610108317,-1.4811125601089885,0.0,0.0,,,,,,0.0,low
Bihar,Supaul,True,True,1.0,1.0,,41.03359593905134,1.3461686649571334,-1.623472591616408,-1.623472591616408,,,,,,-4.705119001547654,,8.206719187810268,0.26923373299142667,-0.32469451832328156,-0.32469451832328156,,,,,,-0.9410238003095308,low
Bihar,Ujiarpur,True,True,1.0,1.0,,4.77027739332032,1.9543518775803719,1.5327221899336818,2.7079800944376533,,,,,,1.0583140421330643,,0.954055478664064,0.3908703755160744,0.30654443798673636,0.5415960188875306,,,,,,0.21166280842661286,medium
Bihar,Vaishali,True,True,1.0,1.0,,0.0,0.0,0.0,0.0,,,,,,0.0,,0.0,0.0,0.0,0.0,,,,,,0.0,medium
Bihar,Valmiki Nagar,True,True,1.0,1.0,,13.313285964772206,-20.866745614268524,10.773191227649988,11.861803257845231,,,,,,-60.06014210568335,,2.662657192954441,-4.173349122853705,2.1546382455299975,2.3723606515690463,,,,,,-12.01202842113667,low
Chhattisgarh,Bastar,True,True,0.0,1.0,,,,,,,,,,,,,,,,,,,,,,,low
Chhattisgarh,Bilaspur,True,True,0.0,1.0,,,,,,,,,,,,,,,,,,,,,,,low
Chhattisgarh,Durg,True,True,0.0,1.0,,,,,,,,,,,,,,,,,,,,,,,low
Chhattisgarh,Kanker,True,True,0.0,1.0,,,,,,,,,,,,,,,,,,,,,,,low
Chhattisgarh,Korba,True,True,0.0,0.5715,,,,,,,,,,,,,,,,,,,,,,,low
Chhattisgarh,Mahasamund,True,True,0.0,1.0,,,,,,,,,,,,,,,,,,,,,,,low
Chhattisgarh,Raigarh,True,True,0.0,1.0001,,,,,,,,,,,,,,,,,,,,,,,low
Chhattisgarh,Raipur,True,True,0.0,1.0,,,,,,,,,,,,,,,,,,,,,,,low
Chhattisgarh,Rajnandgaon,True,True,0.0,0.75,,,,,,,,,,,,,,,,,,,,,,,low
Chhattisgarh,Surguja,True,True,0.0,0.875,,,,,,,,,,,,,,,,,,,,,,,low
Delhi,Chandni Chowk,True,True,0.0,0.0,,,,,,,,,,,,,,,,,,,,,,,medium
Delhi,East Delhi,True,True,0.0,0.0,,,,,,,,,,,,,,,,,,,,,,,medium
Delhi,New Delhi,True,True,0.0,0.0,,,,,,,,,,,,,,,,,,,,,,,medium
Delhi,North East Delhi,True,True,0.0,0.0,,,,,,,,,,,,,,,,,,,,,,,medium
Delhi,"North West Delhi 1.Nerela, 5.Badli, 6.Rithala, 7.Bawana (SC), 8.Mundka, 9.Kirari",True,True,0.0,0.0,,,,,,,,,,,,,,,,,,,,,,,medium
Delhi,South Delhi,True,True,0.0,0.0,,,,,,,,,,,,,,,,,,,,,,,medium
Delhi,West Delhi,True,True,0.0,0.0,,,,,,,,,,,,,,,,,,,,,,,medium
Goa,North Goa,True,True,1.0,1.0,,-68.8600967322934,-24.36074632220466,-32.05632894772883,-1.707848856064949,,,,,,-7.356411470827773,,-13.77201934645868,-4.872149264440932,-6.411265789545766,-0.3415697712129898,,,,,,-1.4712822941655546,low
Goa,South Goa,True,True,1.0,1.0,,-84.3206081125873,-43.13981745774113,-42.99850333188549,-17.730023140499956,,,,,,-30.130150216531625,,-16.86412162251746,-8.627963491548226,-8.599700666377098,-3.546004628099991,,,,,,-6.026030043306325,low
Gujarat,Ahmedabad East,True,True,1.0,1.0,,15.174927931740072,53.025838677884266,32.5534323160457,38.56077255717936,,,,,,-19.922065174806196,,3.0349855863480144,10.605167735576853,6.51068646320914,7.712154511435872,,,,,,-3.984413034961239,low
Gujarat,"Ahmedabad West (SC)           Khadia, 53-Maninagar, 54-Danilimda (SC), 56-Asarwa (SC).",True,True,1.0,1.0,,17.311950297704612,54.11493385813837,33.45646693441818,38.20307262812146,,,,,,-18.869174332304,,3.4623900595409225,10.822986771627674,6.691293386883636,7.640614525624292,,,,,,-3.7738348664608,low
Gujarat,Amreli,True,True,0.8572000000000001,0.8572000000000001,,0.0,0.0,0.0,0.0,,,,,,0.0,,0.0,0.0,0.0,0.0,,,,,,0.0,medium
Gujarat,Anand,True,True,1.0,1.0,,0.0,0.0,0.0,0.0,,,,,,0.0,,0.0,0.0,0.0,0.0,,,,,,0.0,medium
Gujarat,Banaskantha,True,True,1.0,1.0,,13.050189201686479,80.5875352969672,52.60398142092036,61.65989583754635,,,,,,-22.67728286929668,,2.610037840337296,16.11750705939344,10.520796284184073,12.331979167509271,,,,,,-4.535456573859336,low
Gujarat,Bardoli,True,True,0.0,0.0,,,,,,,,,,,,,,,,,,,,,,,medium
Gujarat,Bharuch,True,True,0.1429,0.1429,,0.0,0.0,0.0,0.0,,,,,,0.0,,0.0,0.0,0.0,0.0,,,,,,0.0,medium
Gujarat,Bhavnagar,True,True,1.0,1.0,,0.0,0.0,0.0,0.0,,,,,,0.0,,0.0,0.0,0.0,0.0,,,,,,0.0,medium
Gujarat,Dahod,True,True,1.0,1.0,,0.0,0.0,0.0,0.0,,,,,,0.0,,0.0,0.0,0.0,0.0,,,,,,0.0,medium
Gujarat,Gandhinagar,True,True,1.0,1.0,,11.541877263479662,36.07842640322085,22.305426505176605,25.469988521168574,,,,,,-12.580078527347077,,2.3083754526959326,7.215685280644171,4.461085301035321,5.093997704233715,,,,,,-2.516015705469415,medium
Gujarat,Jamnagar,True,True,1.0,1.0,,0.0,0.0,0.0,0.0,,,,,,0.0,,0.0,0.0,0.0,0.0,,,,,,0.0,medium
Gujarat,Junagadh,True,True,1.0,1.0,,0.0,0.0,0.0,0.0,,,,,,0.0,,0.0,0.0,0.0,0.0,,,,,,0.0,medium
Gujarat,Kachchh,True,True,1.0002,1.0002,,10.373710592829639,44.037443827032405,20.686488508500187,25.49771793796995,,,,,,-2.32333496282655,,2.074742118565928,8.80748876540648,4.137297701700037,5.09954358759399,,,,,,-0.46466699256531,medium
Gujarat,Kheda,True,True,1.0,1.0,,5.77007303422495,18.03650745491752,11.151040429241583,12.73308410695288,,,,,,-6.289095804956922,,1.15401460684499,3.6073014909835037,2.2302080858483166,2.546616821390576,,,,,,-1.2578191609913845,medium
Gujarat,Mahesana,True,True,1.0,1.0,,-17.778247403538202,41.23231537839613,-7.352390995997624,24.520186770145987,,,,,,-26.208281829115798,,-3.5556494807076406,8.246463075679227,-1.4704781991995248,4.904037354029198,,,,,,-5.241656365823159,low
Gujarat,Navsari,True,True,0.0,0.0,,,,,,,,,,,,,,,,,,,,,,,medium
Gujarat,Panchmahal,True,True,1.0,1.0,,0.0,0.0,0.0,0.0,,,,,,0.0,,0.0,0.0,0.0,0.0,,,,,,0.0,medium
Gujarat,Patan,True,True,1.0,1.0,,10.112998627278344,43.48367599387565,19.879699014483155,19.526945313905344,,,,,,-19.54734093812405,,2.022599725455669,8.69673519877513,3.975939802896631,3.905389062781069,,,,,,-3.9094681876248103,low
Gujarat,Porbandar,True,True,1.0,1.0,,7.251496921802442,17.47211607540651,-10.624068420946639,-1.8610102974839293,,,,,,29.156867812416955,,1.4502993843604883,3.4944232150813024,-2.124813684189328,-0.37220205949678586,,,,,,5.831373562483391,medium
Gujarat,Rajkot,True,True,1.0,1.0,,16.919031548769127,40.76555313907262,-24.787840459511532,-4.342067889603194,,,,,,68.02815635188277,,3.383806309753825,8.153110627814524,-4.957568091902306,-0.8684135779206388,,,,,,13.605631270376554,low
Gujarat,Sabarkantha,True,True,1.0,1.0,,1.0180242189637028,68.35923775796851,20.338891594025196,39.61991183043137,,,,,,-16.80155914165225,,0.20360484379274055,13.671847551593704,4.067778318805039,7.923982366086274,,,,,,-3.36031182833045,low
Gujarat,Surat,True,True,0.0,0.0,,,,,,,,,,,,,,,,,,,,,,,medium
Gujarat,Surendranagar,True,True,1.0,1.0,,26.349557116241513,25.14696041930396,25.730567257924868,30.35127811747842,,,,,,15.998289044745624,,5.269911423248303,5.029392083860792,5.146113451584974,6.070255623495684,,,,,,3.1996578089491248,low
Gujarat,Vadodara,True,True,0.9999,0.9999,,1.4094962776402298,3.396110187503501,-2.0650336136386738,-0.3617304282467707,,,,,,5.667312155327368,,0.28189925552804596,0.6792220375007002,-0.41300672272773475,-0.07234608564935414,,,,,,1.1334624310654735,medium
Gujarat,Valsad,True,True,0.1667,0.1667,,13.050189201686479,80.5875352969672,52.60398142092036,61.65989583754635,,,,,,-22.67728286929668,,2.610037840337296,16.11750705939344,10.520796284184073,12.331979167509271,,,,,,-4.535456573859336,low
Haryana,Ambala,True,True,0.9999,0.9999,,-20.32488680591821,-11.646567940960693,-7.210418212060077,-9.957747907013077,,,,,,-15.669665463197692,,-4.064977361183642,-2.3293135881921385,-1.4420836424120154,-1.9915495814026154,,,,,,-3.1339330926395386,low
Haryana,Bhiwani,True,True,1.0,1.0,,0.0,0.0,0.0,0.0,,,,,,0.0,,0.0,0.0,0.0,0.0,,,,,,0.0,medium
Haryana,Faridabad,True,True,0.125,0.125,,5.809150513966159,-11.069480953301223,-1.844005965283337,-18.982096806891064,,,,,,-40.7331303496039,,1.1618301027932318,-2.2138961906602446,-0.36880119305666736,-3.796419361378213,,,,,,-8.14662606992078,low
Haryana,Gurgaon,True,True,0.0,0.0,,,,,,,,,,,,,,,,,,,,,,,medium
Haryana,Hisar,True,True,1.0,1.0,,0.0,0.0,0.0,0.0,,,,,,0.0,,0.0,0.0,0.0,0.0,,,,,,0.0,medium
Haryana,Karnal,True,True,1.0,1.0,,7.141363219889342,-22.523459368868853,14.87998272646903,-9.167639300160673,,,,,,1.0436618988298747,,1.4282726439778686,-4.504691873773771,2.975996545293806,-1.8335278600321345,,,,,,0.20873237976597495,low
Haryana,Kurukshetra,True,True,0.9999,0.9999,,3.8533583600365375,25.215160782125903,13.945207013745211,-5.317226125054999,,,,,,-18.252638931973642,,0.7706716720073075,5.0430321564251805,2.789041402749042,-1.0634452250109998,,,,,,-3.6505277863947283,low
Haryana,Rohtak,True,True,0.8888,0.8888,,0.0,0.0,0.0,0.0,,,,,,0.0,,0.0,0.0,0.0,0.0,,,,,,0.0,medium
Haryana,Sirsa,True,True,1.0,1.0,,0.0,0.0,0.0,0.0,,,,,,0.0,,0.0,0.0,0.0,0.0,,,,,,0.0,medium
Haryana,Sonipat,True,True,1.0,1.0,,5.5410660609171885,5.489903730253118,8.283902672798895,-2.149650887297108,,,,,,-0.7910831627936972,,1.1082132121834376,1.0979807460506237,1.656780534559779,-0.42993017745942164,,,,,,-0.15821663255873944,medium
Himachal Pradesh,Hamirpur,True,True,1.0001,1.0001,,-9.338140708213402,18.740753891998615,-26.780856265804758,-10.998352332787306,,,,,,-3.620920452325766,,-1.8676281416426803,3.748150778399723,-5.3561712531609516,-2.1996704665574613,,,,,,-0.7241840904651532,low
Himachal Pradesh,Kangra,True,True,1.0,1.0,,-30.80791706252191,66.43403288039184,-17.60231657474369,5.445741090031941,,,,,,10.07613632550525,,-6.161583412504382,13.286806576078368,-3.5204633149487377,1.0891482180063883,,,,,,2.01522726510105,low
Himachal Pradesh,Mandi,True,True,1.0,1.0,,-37.65223305924374,26.015037864958686,-21.93542681055809,-11.945804406179338,,,,,,-2.2009617833128523,,-7.530446611848748,5.203007572991737,-4.387085362111618,-2.389160881235868,,,,,,-0.44019235666257045,low
Jharkhand,Chatra,True,True,0.0,1.0,,,,,,,,,,,,,,,,,,,,,,,low
Jharkhand,Dhanbad,True,True,0.0,1.0,,,,,,,,,,,,,,,,,,,,,,,low
Jharkhand,Dumka,True,True,0.0,0.2,,,,,,,,,,,,,,,,,,,,,,,low
Jharkhand,Giridih,True,True,0.0,0.9999,,,,,,,,,,,,,,,,,,,,,,,low
Jharkhand,Godda,True,True,0.0,0.3333,,,,,,,,,,,,,,,,,,,,,,,low
Jharkhand,Hazaribagh,True,True,0.0,0.0,,,,,,,,,,,,,,,,,,,,,,,medium
Jharkhand,Jamshedpur,True,True,0.0,0.909,,,,,,,,,,,,,,,,,,,,,,,low
Jharkhand,Khunti,True,True,0.0,0.5,,,,,,,,,,,,,,,,,,,,,,,low
Jharkhand,Kodarma,True,True,0.0,0.8333999999999999,,,,,,,,,,,,,,,,,,,,,,,low
Jharkhand,Palamu,True,True,0.0,1.0,,,,,,,,,,,,,,,,,,,,,,,low
Jharkhand,Rajmahal,True,True,0.0,1.0,,,,,,,,,,,,,,,,,,,,,,,low
Jharkhand,Ranchi,True,True,0.0,1.0,,,,,,,,,,,,,,,,,,,,,,,low
Karnataka,Bagalkot,True,True,1.0,1.0,,-84.30378421806853,77.35155992334074,-3.2333508605618815,-1.940344736262083,,,,,,0.0,,-16.860756843613707,15.470311984668148,-0.6466701721123763,-0.3880689472524166,,,,,,0.0,low
Karnataka,"Bangalore Central 160 Sarvagnanagar, 161 C.V. Raman Nagar (SC)",True,True,1.0,1.0,,-42.004345839024836,40.744337045156655,-40.06880911789352,-19.223069162156932,,,,,,-49.741457060259,,-8.400869167804967,8.14886740903133,-8.013761823578704,-3.8446138324313863,,,,,,-9.9482914120518,low
Karnataka,Bangalore North,True,True,1.0,1.0,,-42.004345839024836,40.744337045156655,-40.06880911789352,-19.223069162156932,,,,,,-49.741457060259,,-8.400869167804967,8.14886740903133,-8.013761823578704,-3.8446138324313863,,,,,,-9.9482914120518,low
Karnataka,Bangalore Rural,True,True,0.5,1.0,,-56.032308574322656,-3.843878818898318,-31.670269740617364,-15.328625762263236,,,,,,-36.72101690391001,,-11.206461714864531,-0.7687757637796636,-6.334053948123473,-3.0657251524526474,,,,,,-7.344203380782003,low
Karnataka,Bangalore South,True,True,1.0,1.0,,-42.004345839024836,40.744337045156655,-40.06880911789352,-19.223069162156932,,,,,,-49.741457060259,,-8.400869167804967,8.14886740903133,-8.013761823578704,-3.8446138324313863,,,,,,-9.9482914120518,low
Karnataka,Belgaum,True,True,1.0,1.0,,5.741268394627099,18.89597492781057,-50.54008422201027,73.14022375322382,,,,,,17.864559417987707,,1.1482536789254199,3.779194985562114,-10.108016844402055,14.628044750644765,,,,,,3.5729118835975413,low
Karnataka,Bellary,True,True,1.0,1.0,,0.0,0.0,0.0,0.0,,,,,,0.0,,0.0,0.0,0.0,0.0,,,,,,0.0,medium
Karnataka,Bidar,True,True,0.7143,1.0,,1.2359051769211788,56.873947118884274,29.90360511733946,22.95975408881176,,,,,,-7.040801109848516,,0.24718103538423578,11.374789423776855,5.980721023467892,4.591950817762352,,,,,,-1.4081602219697031,low
Karnataka,Bijapur,True,True,1.0,1.0,,13.458851232017835,75.12594482871592,-15.403859343735368,91.25087170798444,,,,,,62.89790974507367,,2.691770246403567,15.025188965743183,-3.0807718687470738,18.25017434159689,,,,,,12.579581949014734,low
Karnataka,"Chamarajanagar 213. Heggadadevankote (ST), 214. Nanjangud (SC)",True,True,0.0,1.0,,,,,,,,,,,,,,,,,,,,,,,low
Karnataka,Chikkballapur,True,True,0.1429,1.0001,,-63.43220305330341,-23.539234597679055,-40.06880911789352,-19.223069162156932,,,,,,-49.741457060259,,-12.686440610660682,-4.707846919535811,-8.013761823578704,-3.8446138324313863,,,,,,-9.9482914120518,low
Karnataka,Chikkodi,True,True,1.0001,1.0001,,-1.9012428818263345,19.3178288718008,-41.82243273945497,49.49213603005255,,,,,,5.65203537482013,,-0.3802485763652669,3.86356577436016,-8.364486547890994,9.89842720601051,,,,,,1.130407074964026,low
Karnataka,Chitradurga,True,True,1.0,1.0,,-64.4811850614719,55.22402026361759,-15.250003343812034,-8.297760481674723,,,,,,65.75041199978823,,-12.896237012294382,11.044804052723517,-3.050000668762407,-1.6595520963349446,,,,,,13.150082399957645,low
Karnataka,"Dakshina Kannada 200. Belthangady, 201. Moodabidri, 202. Mangalore City North",True,True,0.0,1.0,,,,,,,,,,,,,,,,,,,,,,,low
Karnataka,Davanagere,True,True,1.0,1.0,,0.0,0.0,0.0,0.0,,,,,,0.0,,0.0,0.0,0.0,0.0,,,,,,0.0,medium
Karnataka,Dharwad,True,True,1.0,1.0,,-43.916823437776884,44.31216996634822,-9.11760901857214,-24.660916495199558,,,,,,-57.25632549977616,,-8.783364687555377,8.862433993269644,-1.8235218037144278,-4.932183299039911,,,,,,-11.451265099955233,low
Karnataka,Gulbarga,True,True,0.0,1.0,,,,,,,,,,,,,,,,,,,,,,,low
Karnataka,Hassan,True,True,1.0,1.0,,-41.7990858127795,19.845598359845027,-1.8692225832640368,-10.696535266518021,,,,,,-27.735935339764456,,-8.3598171625559,3.9691196719690054,-0.3738445166528074,-2.1393070533036043,,,,,,-5.547187067952891,low
Karnataka,Haveri,True,True,1.0,1.0,,-2.1556214852567024,69.2581331115793,-13.496959110570401,-8.882951686589411,,,,,,-22.943605717633403,,-0.4311242970513405,13.851626622315859,-2.6993918221140802,-1.7765903373178822,,,,,,-4.588721143526681,low
Karnataka,Kolar,True,True,0.0,1.0,,,,,,,,,,,,,,,,,,,,,,,low
Karnataka,Koppal,True,True,1.0,1.0,,-14.025042950975902,58.465553928258934,60.05436651181518,-2.5686664780234585,,,,,,47.98915724590637,,-2.8050085901951802,11.693110785651786,12.010873302363036,-0.5137332956046917,,,,,,9.597831449181275,low
Karnataka,Mandya,True,True,0.875,1.0,,7.228232484248764,90.63342806142452,86.16238644582612,-3.229190282658048,,,,,,-10.948779434581244,,1.4456464968497529,18.126685612284906,17.232477289165224,-0.6458380565316096,,,,,,-2.189755886916249,low
Karnataka,Mysore,True,True,0.0,1.0,,,,,,,,,,,,,,,,,,,,,,,low
Karnataka,Raichur,True,True,0.5,1.0,,25.362981944808254,96.74323689408916,69.77695952478422,-1.5732094657194318,,,,,,19.776959524784214,,5.072596388961651,19.348647378817834,13.955391904956844,-0.31464189314388635,,,,,,3.955391904956843,low
Karnataka,Shimoga,True,True,1.0,1.0,,-20.68834138067602,21.102278834101156,-15.496909910637791,-7.635421934213981,,,,,,-43.487709466390015,,-4.137668276135204,4.220455766820232,-3.099381982127558,-1.5270843868427961,,,,,,-8.697541893278004,low
Karnataka,Tumkur,True,True,1.0,1.0,,26.883803219783857,42.61451406415257,-6.474651608788887,-3.645295562582152,,,,,,22.117263089921185,,5.3767606439567714,8.522902812830514,-1.2949303217577772,-0.7290591125164304,,,,,,4.423452617984237,low
Karnataka,Udupi,True,True,1.0,1.0,,0.2924126248146166,17.868747263104048,-7.982473100966365,-2.354469976935837,,,,,,-8.84091792362549,,0.05848252496292332,3.5737494526208096,-1.596494620193273,-0.4708939953871674,,,,,,-1.768183584725098,medium
Karnataka,Uttara Kannada,True,True,1.0,1.0,,20.231244981325688,18.840877968413338,6.6610203013606935,-4.693669279046102,,,,,,60.47797753384944,,4.046248996265137,3.7681755936826677,1.3322040602721388,-0.9387338558092203,,,,,,12.095595506769888,low
Kerala,Alappuzha,True,True,1.0,1.0,,-47.35439035755229,-53.28181904375593,-18.338646149703074,13.896777179585161,,,,,,-35.014010445649454,,-9.470878071510459,-10.656363808751186,-3.6677292299406146,2.779355435917032,,,,,,-7.002802089129891,low
Kerala,Alathur,True,True,1.0,1.0,,-1.4338626725684378,-39.001044997993375,-24.585381320831235,-3.032537296621417,,,,,,-23.36024181080006,,-0.28677253451368756,-7.800208999598675,-4.917076264166247,-0.6065074593242834,,,,,,-4.6720483621600115,low
Kerala,Attingal,True,True,1.0,1.0,,-26.15706137596687,-30.80625219907904,31.488914646242172,1.128633176168936,,,,,,1.72400656440578,,-5.231412275193374,-6.161250439815808,6.297782929248434,0.22572663523378722,,,,,,0.344801312881156,low
Kerala,Chalakudy,True,True,1.0,1.0,,-1.4338626725684378,-39.001044997993375,-24.585381320831235,-3.032537296621417,,,,,,-23.36024181080006,,-0.28677253451368756,-7.800208999598675,-4.917076264166247,-0.6065074593242834,,,,,,-4.6720483621600115,low
Kerala,Ernakulam,True,True,1.0,1.0,,18.813499678225142,-33.43982445352394,12.482419579650703,1.326973582931835,,,,,,-21.168435691326795,,3.7626999356450286,-6.687964890704788,2.4964839159301406,0.265394716586367,,,,,,-4.233687138265359,low
Kerala,Idukki,True,True,1.0,1.0,,-26.630534943676807,-18.429145612760024,8.655850487178446,-2.651604509597369,,,,,,-11.613680707014108,,-5.326106988735361,-3.685829122552005,1.7311700974356892,-0.5303209019194738,,,,,,-2.322736141402822,low
Kerala,Kasaragod,True,True,1.0,1.0,,-46.15820963481889,-8.960129292923384,7.939855123946122,-0.5057208533788327,,,,,,-15.83707623801265,,-9.231641926963778,-1.7920258585846767,1.5879710247892245,-0.10114417067576653,,,,,,-3.1674152476025297,low
Kerala,Kollam,True,True,1.0,1.0,,-72.92087985575638,-40.01919136039692,-14.53031206180767,-13.284762425722525,,,,,,-18.384737425515908,,-14.584175971151277,-8.003838272079383,-2.906062412361534,-2.656952485144505,,,,,,-3.676947485103182,low
Kerala,Kottayam,True,True,1.0,1.0,,31.260618772901637,-37.11353886809137,8.404812299408508,5.238331106306887,,,,,,-13.818731160975886,,6.252123754580327,-7.422707773618273,1.6809624598817017,1.0476662212613774,,,,,,-2.763746232195177,low
Kerala,Kozhikode,True,True,1.0,1.0,,33.68618209127453,-92.9689655228142,-10.396745179333507,-16.192602979334943,,,,,,-30.535725985166064,,6.7372364182549065,-18.59379310456284,-2.0793490358667013,-3.2385205958669885,,,,,,-6.107145197033213,low
Kerala,Malappuram,True,True,1.0,1.0,,9.68244778938707,-20.398351960099674,25.672565560393153,-1.2513110083986483,,,,,,53.6479995241093,,1.936489557877414,-4.079670392019935,5.134513112078631,-0.2502622016797297,,,,,,10.72959990482186,low
Kerala,Mavelikkara,True,True,1.0,1.0,,-66.52925748120536,-43.334848281236674,-15.482395583781521,-6.489377524395604,,,,,,-22.542055680549296,,-13.305851496241072,-8.666969656247336,-3.096479116756304,-1.2978755048791206,,,,,,-4.508411136109859,low
Kerala,Palakkad,True,True,1.0,1.0,,43.70773786757813,-40.7872532826588,4.327205019166312,9.149688629681942,,,,,,-6.4690266306249775,,8.741547573515627,-8.157450656531761,0.8654410038332625,1.8299377259363883,,,,,,-1.2938053261249955,low
Kerala,Pathanamthitta,True,True,1.0,1.0,,6.008588596856455,-2.3994807820648845,21.341583957882904,6.103581378226696,,,,,,68.759373725942,,1.2017177193712911,-0.4798961564129769,4.268316791576581,1.2207162756453394,,,,,,13.751874745188399,low
Kerala,Ponnani,True,True,1.0,1.0,,9.68244778938707,-20.398351960099674,25.672565560393153,-1.2513110083986483,,,,,,53.6479995241093,,1.936489557877414,-4.079670392019935,5.134513112078631,-0.2502622016797297,,,,,,10.72959990482186,low
Kerala,"Thiruvanantha puram                    -puram, 135- Nemom, 137- Parassala, 139- Kovalam and",True,True,1.0,1.0,,-26.15706137596687,-30.80625219907904,31.488914646242172,1.128633176168936,,,,,,1.72400656440578,,-5.231412275193374,-6.161250439815808,6.297782929248434,0.22572663523378722,,,,,,0.344801312881156,low
Kerala,Thrissur,True,True,1.0,1.0,,-1.4338626725684378,-39.001044997993375,-24.585381320831235,-3.032537296621417,,,,,,-23.36024181080006,,-0.28677253451368756,-7.800208999598675,-4.917076264166247,-0.6065074593242834,,,,,,-4.6720483621600115,low
Kerala,Vadakara,True,True,1.0,1.0,,-6.900266032147698,-41.345700832681345,1.6886817622225045,-5.455086307577993,,,,,,-31.05073123896858,,-1.3800532064295397,-8.26914016653627,0.3377363524445009,-1.0910172615155986,,,,,,-6.210146247793716,low
Madhya Pradesh,119-Narsingpur,True,True,1.0,1.0,,-5.032304372317206,27.28766955285273,7.343812026314226,11.676971370610662,,,,,,-1.4244688870430862,,-1.0064608744634413,5.457533910570546,1.4687624052628452,2.3353942741221325,,,,,,-0.2848937774086172,low
Madhya Pradesh,BALAGHAT,True,True,1.0,1.0,,-10.240610615122577,-1.5822752570012515,-1.4621701646185283,-1.096302681683126,,,,,,-2.13276617866436,,-2.0481221230245152,-0.3164550514002503,-0.2924340329237057,-0.2192605363366252,,,,,,-0.42655323573287196,medium
Madhya Pradesh,BETUL,True,True,1.0,1.0,,6.604392140667954,70.28295978162747,49.75900472757678,41.57754733342357,,,,,,64.91770657098253,,1.3208784281335908,14.056591956325494,9.951800945515355,8.315509466684713,,,,,,12.983541314196506,low
Madhya Pradesh,BHIND,True,True,0.8333999999999999,1.0001,,-6.48607981692367,22.072924822570187,14.176363166145936,20.192397847522635,,,,,,7.7392160559998615,,-1.297215963384734,4.414584964514037,2.835272633229187,4.038479569504527,,,,,,1.5478432111999723,medium
Madhya Pradesh,BHOPAL,True,True,1.0,1.0,,22.68752393503472,71.63091584395855,81.5168664558113,85.51832063714076,,,,,,64.51544524023056,,4.537504787006943,14.32618316879171,16.30337329116226,17.103664127428154,,,,,,12.903089048046112,low
Madhya Pradesh,CHHINDWARA,True,True,1.0,1.0,,0.0,0.0,0.0,0.0,,,,,,0.0,,0.0,0.0,0.0,0.0,,,,,,0.0,medium
Madhya Pradesh,DAMOH,True,True,0.8573,1.0002,,-9.616866309349355,23.792651214514848,4.409005496903757,5.784701506950147,,,,,,20.22861451238439,,-1.923373261869871,4.758530242902969,0.8818010993807514,1.1569403013900295,,,,,,4.045722902476878,low
Madhya Pradesh,DEWAS,True,True,1.0,1.0,,-15.172618999703502,53.00531706225672,7.8074502088957125,7.914627048682949,,,,,,49.852236597691984,,-3.0345237999407004,10.601063412451344,1.5614900417791424,1.5829254097365897,,,,,,9.970447319538398,low
Madhya Pradesh,DHAR,True,True,1.0,1.0,,-61.67570372875055,39.63359786863295,-16.94045324099196,-3.119806806714733,,,,,,-5.724507239543307,,-12.33514074575011,7.926719573726589,-3.388090648198392,-0.6239613613429466,,,,,,-1.1449014479086614,low
Madhya Pradesh,GUNA,True,True,1.0,1.0,,-10.427502344376094,30.14599345338798,-0.031921439367229354,5.508934814477399,,,,,,6.445563511949469,,-2.085500468875219,6.029198690677596,-0.006384287873445871,1.10178696289548,,,,,,1.2891127023898938,low
Madhya Pradesh,GWALIOR,True,True,1.0,1.0,,-23.936494234928972,57.2522176369733,21.67525059457158,16.19998141824837,,,,,,25.962944924542985,,-4.787298846985794,11.45044352739466,4.335050118914316,3.239996283649674,,,,,,5.192588984908597,low
Madhya Pradesh,INDORE,True,True,1.0,1.0,,-17.82357454824475,81.73695175000375,13.872522117556947,9.027198662076977,,,,,,66.52953494642173,,-3.56471490964895,16.34739035000075,2.7745044235113894,1.8054397324153952,,,,,,13.305906989284347,low
Madhya Pradesh,JABALPUR,True,True,1.0,1.0,,-55.06165906892542,0.9804936906524837,1.623802577520752,1.6128539653096978,,,,,,-0.23314671650543417,,-11.012331813785085,0.19609873813049675,0.3247605155041504,0.3225707930619396,,,,,,-0.04662934330108683,low
Madhya Pradesh,KHAJURAHO,True,True,0.625,1.0,,-19.747843553997825,18.31309284806757,-9.40155627808026,-1.3596962764821825,,,,,,-16.459369658140574,,-3.949568710799565,3.662618569613514,-1.8803112556160522,-0.2719392552964365,,,,,,-3.291873931628115,low
Madhya Pradesh,KHANDWA,True,True,0.2,1.0,,-27.979032394017764,37.917663817586956,14.002711257970859,2.8844457161818777,,,,,,9.022773364721935,,-5.595806478803553,7.5835327635173915,2.800542251594172,0.5768891432363755,,,,,,1.804554672944387,low
Madhya Pradesh,KHARGONE (ST) 183-Maheshwar (SC),True,True,1.0,1.0,,3.6427975625115607,45.01533837901026,25.93801992405951,-2.863095325278115,,,,,,34.64147682479931,,0.7285595125023121,9.003067675802052,5.187603984811902,-0.572619065055623,,,,,,6.928295364959863,low
Madhya Pradesh,MANDLA,True,True,1.0,1.0,,19.4050637641094,64.70244602427415,53.12873211803454,4.3950567413844395,,,,,,38.16208834199227,,3.88101275282188,12.940489204854831,10.625746423606909,0.8790113482768879,,,,,,7.632417668398455,low
Madhya Pradesh,MANDSOUR,True,True,1.0,1.0,,-50.19369257133208,29.261610531170913,24.078060088055146,-3.4336754245434653,,,,,,-4.898551247013282,,-10.038738514266417,5.852322106234182,4.815612017611029,-0.6867350849086931,,,,,,-0.9797102494026564,low
Madhya Pradesh,MORENA,True,True,1.0,1.0,,24.18531931725228,51.30328107228152,48.098469686603366,45.57576735294429,,,,,,47.03601884052442,,4.837063863450456,10.260656214456304,9.619693937320672,9.115153470588858,,,,,,9.407203768104884,medium
Madhya Pradesh,RAJGARH,True,True,1.0,1.0,,6.852803577612178,56.05077039058718,21.923537817434553,26.378065822864656,,,,,,46.63169572193216,,1.3705607155224357,11.210154078117437,4.384707563486911,5.275613164572931,,,,,,9.326339144386433,medium
Madhya Pradesh,RATLAM,True,True,0.2857,1.0,,-14.531592979970966,5.69227852027857,16.341093037607735,35.18501698201997,,,,,,3.689575798924558,,-2.9063185959941933,1.1384557040557142,3.268218607521547,7.0370033964039935,,,,,,0.7379151597849116,low
Madhya Pradesh,REWA,True,True,1.0001,1.0001,,-23.479719431963154,45.1922071587448,17.44891172626289,32.671258700230915,,,,,,31.13451011393899,,-4.695943886392631,9.03844143174896,3.4897823452525776,6.534251740046183,,,,,,6.226902022787798,low
Madhya Pradesh,SAGAR,True,True,0.875,1.0,,-20.624860477168852,27.55065444721241,22.83580612087911,25.844122658280476,,,,,,22.66136849233045,,-4.124972095433771,5.510130889442482,4.5671612241758215,5.168824531656095,,,,,,4.53227369846609,low
Madhya Pradesh,SATNA,True,True,1.0,1.0,,-12.492462887950929,52.750940338694775,52.823010601150656,28.0025829107046,,,,,,21.076641073634192,,-2.4984925775901856,10.550188067738954,10.56460212023013,5.60051658214092,,,,,,4.2153282147268385,low
Madhya Pradesh,SHAHDOL,True,True,1.0,1.0,,-9.620151670846852,27.382588873117598,-15.885634037541706,-2.840867333794797,,,,,,-29.821774362353175,,-1.9240303341693703,5.476517774623519,-3.1771268075083414,-0.5681734667589594,,,,,,-5.964354872470635,low
Madhya Pradesh,SIDHI,True,True,1.0,1.0,,11.39091942028891,66.11048271043626,75.15556288897724,80.67271146655752,,,,,,88.17011466739851,,2.278183884057782,13.222096542087252,15.031112577795449,16.134542293311505,,,,,,17.634022933479702,low
Madhya Pradesh,TIKAMGARH,True,True,1.0001,1.0001,,12.412918271924248,21.460323476506016,-2.7442853179253,1.829753075581083,,,,,,1.0833644836221765,,2.4825836543848494,4.292064695301203,-0.54885706358506,0.36595061511621657,,,,,,0.2166728967244353,low
Madhya Pradesh,UJJAIN,True,True,1.0,1.0,,-39.69779367587631,9.320345480012229,-29.767589442276588,0.7879075787414189,,,,,,-37.3303507846293,,-7.939558735175263,1.8640690960024457,-5.953517888455318,0.15758151574828377,,,,,,-7.466070156925861,low
Madhya Pradesh,VIDISHA,True,True,1.0001,1.0001,,-6.327468046042938,62.65712849900301,27.20202854940153,38.3363260445975,,,,,,18.328260277250713,,-1.2654936092085876,12.531425699800602,5.440405709880306,7.6672652089195,,,,,,3.665652055450143,low
Maharashtra,Beed,True,True,1.0,1.0,,-78.46828261594027,-45.280281301728,-30.136499512876348,-4.0545375432747655,,,,,,8.289387722725674,,-15.693656523188054,-9.056056260345601,-6.02729990257527,-0.8109075086549531,,,,,,1.6578775445451348,low
Maharashtra,Buldhana,True,True,1.0,1.0,,-8.701864027272578,9.837631110621032,-5.885292527825159,-3.1491876273213566,,,,,,-6.454186020335467,,-1.7403728054545156,1.9675262221242065,-1.1770585055650318,-0.6298375254642713,,,,,,-1.2908372040670932,low
Maharashtra,Chandrapur,True,True,1.0,1.0,,-20.929450996468006,-14.17018713588508,-3.117173244245595,-1.265229670609,,,,,,16.960357597974298,,-4.185890199293601,-2.834037427177016,-0.623434648849119,-0.2530459341218,,,,,,3.3920715195948596,low
Maharashtra,Hingoli,True,True,1.0,1.0,,29.79096498210025,33.694677156671304,-1.0616048610684208,0.0,,,,,,9.362815385626963,,5.95819299642005,6.73893543133426,-0.21232097221368415,0.0,,,,,,1.8725630771253925,low
Maharashtra,Latur,True,True,0.0,1.0,,,,,,,,,,,,,,,,,,,,,,,low
Maharashtra,"Mumbai North Central          East, 177. Vandre West and 175. Kalina.",True,True,1.0,1.0,,-76.00558452362262,-26.77885995219736,-30.15102292493768,-7.719663446691937,,,,,,-31.981462850580876,,-15.201116904724524,-5.3557719904394725,-6.030204584987536,-1.5439326893383876,,,,,,-6.3962925701161755,low
Maharashtra,"Mumbai North East             West, 170. Ghatkopar East and 171 Mankhurd Shivaji Nagar.",True,True,1.0,1.0,,-76.00558452362262,-26.77885995219736,-30.15102292493768,-7.719663446691937,,,,,,-31.981462850580876,,-15.201116904724524,-5.3557719904394725,-6.030204584987536,-1.5439326893383876,,,,,,-6.3962925701161755,low
Maharashtra,Mumbai North West,True,True,1.0,1.0,,-76.00558452362262,-26.77885995219736,-30.15102292493768,-7.719663446691937,,,,,,-31.981462850580876,,-15.201116904724524,-5.3557719904394725,-6.030204584987536,-1.5439326893383876,,,,,,-6.3962925701161755,low
Maharashtra,Mumbai South,True,True,1.0,1.0,,-78.86811500522036,-44.44067863648275,-31.150166504897452,-5.6976149827798315,,,,,,-30.767120907011087,,-15.773623001044072,-8.88813572729655,-6.230033300979491,-1.1395229965559663,,,,,,-6.153424181402217,low
Maharashtra,Mumbai South Central,True,True,1.0,1.0,,-76.95966593313914,-32.665544119669676,-30.484037480138273,-7.045714693670033,,,,,,-31.57672268078906,,-15.391933186627828,-6.533108823933935,-6.096807496027655,-1.4091429387340066,,,,,,-6.315344536157812,low
Maharashtra,Nanded,True,True,1.0,1.0,,-78.86811500522036,-44.44067863648275,-31.150166504897452,-5.6976149827798315,,,,,,-30.767120907011087,,-15.773623001044072,-8.88813572729655,-6.230033300979491,-1.1395229965559663,,,,,,-6.153424181402217,low
Maharashtra,Palghar,True,True,1.0,1.0,,-45.98025298824828,12.814565163037546,11.548859411386905,16.615618630509644,,,,,,29.152885191108986,,-9.196050597649656,2.562913032607509,2.309771882277381,3.3231237261019286,,,,,,5.830577038221797,low
Maharashtra,Parbhani,True,True,1.0,1.0,,-16.355262504517526,-9.37369663239969,0.0,0.0,,,,,,23.07339689454561,,-3.2710525009035054,-1.8747393264799381,0.0,0.0,,,,,,4.614679378909122,low
Maharashtra,Raver,True,True,1.0,1.0,,-45.98025298824828,12.814565163037546,11.548859411386905,16.615618630509644,,,,,,29.152885191108986,,-9.196050597649656,2.562913032607509,2.309771882277381,3.3231237261019286,,,,,,5.830577038221797,low
Maharashtra,Satara,True,True,0.0,1.0,,,,,,,,,,,,,,,,,,,,,,,low
Maharashtra,Thane,True,True,1.0,1.0,,-45.98025298824828,12.814565163037546,11.548859411386905,16.615618630509644,,,,,,29.152885191108986,,-9.196050597649656,2.562913032607509,2.309771882277381,3.3231237261019286,,,,,,5.830577038221797,low
Meghalaya,SHILLONG,True,True,0.9678,0.9678,,18.376856359408034,-51.34772928448324,-1.7261545801313738,-1.660750665578575,,,,,,15.418099144727709,,3.6753712718816067,-10.269545856896649,-0.34523091602627476,-0.332150133115715,,,,,,3.0836198289455417,low
Meghalaya,TURA,True,True,1.0,1.0,,36.90749489620347,-26.18899489515522,-2.348969622415126,-1.516340684979768,,,,,,4.456515296854384,,7.3814989792406935,-5.2377989790310435,-0.4697939244830252,-0.3032681369959536,,,,,,0.8913030593708768,low
Orissa,ASKA,True,True,0.0,0.0,,,,,,,,,,,,,,,,,,,,,,,medium
Orissa,BALASORE,True,True,1.0,1.0,,0.0,0.0,0.0,0.0,,,,,,0.0,,0.0,0.0,0.0,0.0,,,,,,0.0,medium
Orissa,BARGARH,True,True,0.7142999999999999,0.7142999999999999,,0.0,0.0,0.0,0.0,,,,,,0.0,,0.0,0.0,0.0,0.0,,,,,,0.0,medium
Orissa,BERHAMPUR,True,True,0.0,0.0,,,,,,,,,,,,,,,,,,,,,,,medium
Orissa,BHADRAK,True,True,1.0,1.0,,0.0,0.0,0.0,0.0,,,,,,0.0,,0.0,0.0,0.0,0.0,,,,,,0.0,medium
Orissa,BHUBANESWAR,True,True,0.0,0.0,,,,,,,,,,,,,,,,,,,,,,,medium
Orissa,BOLANGIR,True,True,0.0,0.0,,,,,,,,,,,,,,,,,,,,,,,medium
Orissa,CUTTACK,True,True,0.8571,0.8571,,0.0,0.0,0.0,0.0,,,,,,0.0,,0.0,0.0,0.0,0.0,,,,,,0.0,medium
Orissa,DHENKANAL,True,True,0.0,0.0,,,,,,,,,,,,,,,,,,,,,,,medium
Orissa,JAGATSINGHPUR,True,True,0.7143,0.7143,,0.0,0.0,0.0,0.0,,,,,,0.0,,0.0,0.0,0.0,0.0,,,,,,0.0,medium
Orissa,JAJPUR,True,True,1.0,1.0,,0.0,0.0,0.0,0.0,,,,,,0.0,,0.0,0.0,0.0,0.0,,,,,,0.0,medium
Orissa,KALAHANDI,True,True,0.0,0.0,,,,,,,,,,,,,,,,,,,,,,,medium
Orissa,KANDHAMAL,True,True,0.0,0.0,,,,,,,,,,,,,,,,,,,,,,,medium
Orissa,KENDRAPARA,True,True,1.0,1.0,,0.0,0.0,0.0,0.0,,,,,,0.0,,0.0,0.0,0.0,0.0,,,,,,0.0,medium
Orissa,KEONJHAR,True,True,1.0,1.0,,0.0,0.0,0.0,0.0,,,,,,0.0,,0.0,0.0,0.0,0.0,,,,,,0.0,medium
Orissa,KORAPUT,True,True,0.0,0.0,,,,,,,,,,,,,,,,,,,,,,,medium
Orissa,MAYURBHANJ,True,True,1.0,1.0,,0.0,0.0,0.0,0.0,,,,,,0.0,,0.0,0.0,0.0,0.0,,,,,,0.0,medium
Orissa,"NABARANGPUR (ST) 73. Umarkote (ST), 74. Jharigam (ST), 75. Nabarangpur (ST)",True,True,0.0,0.0,,,,,,,,,,,,,,,,,,,,,,,medium
Orissa,PURI,True,True,0.0,0.0,,,,,,,,,,,,,,,,,,,,,,,medium
Orissa,SAMBALPUR,True,True,0.7143,0.7143,,0.0,0.0,0.0,0.0,,,,,,0.0,,0.0,0.0,0.0,0.0,,,,,,0.0,medium
Orissa,SUNDARGARH,True,True,1.0,1.0,,0.0,0.0,0.0,0.0,,,,,,0.0,,0.0,0.0,0.0,0.0,,,,,,0.0,medium
Punjab,Amritsar,True,True,0.0,0.0,,,,,,,,,,,,,,,,,,,,,,,medium
Punjab,Anandpur Sahib,True,True,0.5,0.5,,-5.657553710444361,-16.29418667641987,-7.977824006581148,-3.6543125535217875,,,,,,-9.033692185500708,,-1.1315107420888721,-3.2588373352839737,-1.5955648013162296,-0.7308625107043575,,,,,,-1.8067384371001416,medium
Punjab,Bathinda,True,True,0.75,0.75,,0.0,0.0,0.0,0.0,,,,,,0.0,,0.0,0.0,0.0,0.0,,,,,,0.0,medium
Punjab,Faridkot,True,True,0.9999,0.9999,,2.577978697882088,-21.19543143357757,-16.37831404445741,-9.845472660151605,,,,,,-12.410273242722765,,0.5155957395764176,-4.239086286715514,-3.2756628088914823,-1.969094532030321,,,,,,-2.482054648544553,medium
Punjab,Fatehgarh Sahib,True,True,0.8889,1.0,,-4.058357279060971,3.662152505792143,-6.747060331215582,-3.915990187924222,,,,,,-2.8365378393430625,,-0.8116714558121941,0.7324305011584287,-1.3494120662431164,-0.7831980375848444,,,,,,-0.5673075678686125,medium
Punjab,Firozpur,True,True,1.0,1.0,,0.0,0.0,0.0,0.0,,,,,,0.0,,0.0,0.0,0.0,0.0,,,,,,0.0,medium
Punjab,Gurdaspur,True,True,1.0,1.0,,0.7369989680946247,30.221170037339466,16.154907626532843,0.5035900388654735,,,,,,0.9731714050161813,,0.14739979361892494,6.044234007467893,3.230981525306569,0.1007180077730947,,,,,,0.19463428100323626,medium
Punjab,Hoshiarpur,True,True,1.0,1.0,,-16.51063022236876,-46.39046328883748,-21.634131156938462,-12.929078779726133,,,,,,-29.24733064060849,,-3.302126044473752,-9.278092657767496,-4.326826231387693,-2.5858157559452266,,,,,,-5.849466128121698,low
Punjab,Jalandhar,True,True,1.0,1.0,,15.414973703461982,-10.523820879656071,-16.385271338310027,15.13498953455204,,,,,,-30.47902363542824,,3.0829947406923965,-2.1047641759312143,-3.277054267662005,3.0269979069104083,,,,,,-6.095804727085648,low
Punjab,Khadoor Sahib,True,True,0.33330000000000004,0.33330000000000004,,-6.556988846052462,-25.153714273214018,-9.890492250139197,-10.283323068746267,,,,,,-18.09265760662332,,-1.3113977692104926,-5.030742854642804,-1.9780984500278394,-2.0566646137492532,,,,,,-3.618531521324664,medium
Punjab,Ludhiana,True,True,1.0,1.0,,0.0,0.0,0.0,0.0,,,,,,0.0,,0.0,0.0,0.0,0.0,,,,,,0.0,medium
Punjab,Patiala,True,True,0.0,0.0,,,,,,,,,,,,,,,,,,,,,,,medium
Punjab,Sangrur,True,True,0.0,1.0,,,,,,,,,,,,,,,,,,,,,,,low
Rajasthan,Alwar,True,True,1.0,1.0,,5.194043369828833,-50.051399603248,-45.61048278754294,-22.011555383986742,,,,,,-66.03466615196024,,1.0388086739657667,-10.0102799206496,-9.122096557508588,-4.402311076797348,,,,,,-13.206933230392048,low
Rajasthan,Banswara,True,True,1.0,1.0,,23.377174205788556,-0.42927800491975177,-16.972300444544754,-9.31549003185428,,,,,,23.54190904183474,,4.675434841157712,-0.08585560098395036,-3.394460088908951,-1.863098006370856,,,,,,4.708381808366948,low
Rajasthan,Bhilwara,True,True,1.0,1.0,,53.20144551188338,41.23565024148683,28.204036318219725,28.658902341596832,,,,,,27.338762323525273,,10.640289102376675,8.247130048297366,5.640807263643945,5.731780468319366,,,,,,5.467752464705055,low
Rajasthan,Bikaner,True,True,1.0,1.0,,9.26223279353595,-66.27719734955903,-4.999074163877791,-5.0216115179598475,,,,,,51.831534428082236,,1.85244655870719,-13.255439469911806,-0.9998148327755582,-1.0043223035919695,,,,,,10.366306885616448,low
Rajasthan,Chittorgarh,True,True,0.0,1.0,,,,,,,,,,,,,,,,,,,,,,,low
Rajasthan,Churu,True,True,1.0,1.0,,5.194043369828833,-50.051399603248,-45.61048278754294,-22.011555383986742,,,,,,-66.03466615196024,,1.0388086739657667,-10.0102799206496,-9.122096557508588,-4.402311076797348,,,,,,-13.206933230392048,low
Rajasthan,Ganganagar (SC),True,True,1.0,1.0,,6.060702479908784,-49.56630987792559,-6.2198675687080645,-4.464441244009657,,,,,,18.727852245621577,,1.2121404959817568,-9.913261975585119,-1.2439735137416128,-0.8928882488019314,,,,,,3.7455704491243154,low
Rajasthan,Jhalawar,True,True,0.0,1.0,,,,,,,,,,,,,,,,,,,,,,,low
Rajasthan,Kota,True,True,0.5,1.0,,42.82826553621231,57.47178442234918,14.640459972276268,25.218267502391747,,,,,,39.48202928871581,,8.565653107242461,11.494356884469836,2.9280919944552535,5.043653500478349,,,,,,7.8964058577431615,low
Rajasthan,Pali,True,True,1.0,1.0,,10.464124976079205,9.671382262705126,-4.235758656071564,23.351886216158213,,,,,,12.411025514930623,,2.092824995215841,1.9342764525410252,-0.8471517312143128,4.670377243231643,,,,,,2.4822051029861245,low
Rajasthan,Rajsamand,True,True,1.0,1.0,,44.42996775649453,54.07105575827489,39.59506231954946,37.61995783773378,,,,,,-9.000745901800773,,8.885993551298906,10.814211151654977,7.919012463909892,7.523991567546756,,,,,,-1.8001491803601546,low
Rajasthan,Sikar,True,True,1.0,1.0,,69.447451110715,40.362148184257215,21.08644455277165,21.08644455277165,,,,,,42.1728891055433,,13.889490222143,8.072429636851442,4.21728891055433,4.21728891055433,,,,,,8.43457782110866,low
Tamil Nadu,ARAKKONAM,True,True,1.0,1.0,,22.41672451609523,20.224586279134222,28.547494311391354,19.955385648981927,,,,,,20.11963620402958,,4.483344903219046,4.044917255826844,5.709498862278271,3.9910771297963854,,,,,,4.023927240805916,low
Tamil Nadu,ARANI,True,True,1.0,1.0,,22.58176329936657,36.944289667886444,31.51500496886835,6.062981775732509,,,,,,52.032512344831176,,4.516352659873315,7.388857933577289,6.30300099377367,1.2125963551465018,,,,,,10.406502468966234,low
Tamil Nadu,CHENNAI CENTRAL,True,True,1.0,1.0,,-3.0464838060484,56.67098274092203,26.439417207253634,55.06415079649036,,,,,,-15.68657066333446,,-0.60929676120968,11.334196548184405,5.2878834414507265,11.012830159298073,,,,,,-3.137314132666892,low
Tamil Nadu,CHENNAI NORTH,True,True,1.0,1.0,,-0.7975108030207991,42.23479230776729,19.087422883431536,49.37106213861178,,,,,,-29.741619333756603,,-0.15950216060415984,8.446958461553459,3.817484576686307,9.874212427722355,,,,,,-5.948323866751321,low
Tamil Nadu,"CHENNAI SOUTH 22Virugambakkam, 23Saidapet, 24 Thiyagarayanagar",True,True,1.0,1.0,,4.9793446321067165,57.379481772639565,34.15180689947448,54.579092585119604,,,,,,1.2005268550945374,,0.9958689264213433,11.475896354527913,6.830361379894896,10.91581851702392,,,,,,0.24010537101890747,low
Tamil Nadu,CHIDAMBARAM,True,True,1.0,1.0,,0.0,0.0,0.0,0.0,,,,,,0.0,,0.0,0.0,0.0,0.0,,,,,,0.0,medium
Tamil Nadu,COIMBATORE,True,True,0.0,0.0,,,,,,,,,,,,,,,,,,,,,,,medium
Tamil Nadu,CUDDALORE,True,True,1.0,1.0,,0.0,0.0,0.0,0.0,,,,,,0.0,,0.0,0.0,0.0,0.0,,,,,,0.0,medium
Tamil Nadu,DHARMAPURI,True,True,0.1667,0.1667,,17.9731755006663,16.61543522376298,45.75517643522181,34.63634649382569,,,,,,30.84495908749799,,3.59463510013326,3.323087044752596,9.151035287044362,6.927269298765138,,,,,,6.168991817499598,low
Tamil Nadu,DINDIGUL,True,True,1.0,1.0,,0.0,0.0,0.0,0.0,,,,,,0.0,,0.0,0.0,0.0,0.0,,,,,,0.0,medium
Tamil Nadu,ERODE,True,True,1.0,1.0,,-8.357457513582958,-10.805042611518317,-6.197168433585368,-3.723792535067532,,,,,,-10.980578493598614,,-1.6714915027165915,-2.1610085223036632,-1.2394336867170737,-0.7447585070135064,,,,,,-2.196115698719723,medium
Tamil Nadu,KALLAKURICHI,True,True,1.0,1.0,,21.723932063310457,22.860246809044686,27.514162073339715,25.692900108688605,,,,,,29.181569361342806,,4.344786412662091,4.572049361808937,5.502832414667943,5.138580021737721,,,,,,5.836313872268561,low
Tamil Nadu,KANCHEEPURAM,True,True,1.0,1.0,,21.0334094977473,58.79669240704125,49.57890023221869,53.60883063036149,,,,,,34.97978852787165,,4.20668189954946,11.75933848140825,9.91578004644374,10.721766126072298,,,,,,6.995957705574329,low
Tamil Nadu,KANNIYAKUMARI,True,True,0.0,0.0,,,,,,,,,,,,,,,,,,,,,,,medium
Tamil Nadu,KARUR,True,True,1.0001,1.0001,,0.0,0.0,0.0,0.0,,,,,,0.0,,0.0,0.0,0.0,0.0,,,,,,0.0,medium
Tamil Nadu,KRISHNAGIRI,True,True,0.0,0.0,,,,,,,,,,,,,,,,,,,,,,,medium
Tamil Nadu,MADURAI,True,True,0.0,0.0,,,,,,,,,,,,,,,,,,,,,,,medium
Tamil Nadu,MAYILADUTHURAI,True,True,1.0,1.0,,0.0,0.0,0.0,0.0,,,,,,0.0,,0.0,0.0,0.0,0.0,,,,,,0.0,medium
Tamil Nadu,NAGAPATTINAM,True,True,1.0,1.0,,0.0,0.0,0.0,0.0,,,,,,0.0,,0.0,0.0,0.0,0.0,,,,,,0.0,medium
Tamil Nadu,NAMAKKAL,True,True,1.0,1.0,,-17.8987691719978,-24.24443439547808,-7.866462840443814,-3.5361610018908243,,,,,,-22.311238805609797,,-3.57975383439956,-4.848886879095616,-1.5732925680887628,-0.7072322003781648,,,,,,-4.46224776112196,low
Tamil Nadu,NILGIRIS,True,True,0.8,0.8,,0.0,0.0,0.0,0.0,,,,,,0.0,,0.0,0.0,0.0,0.0,,,,,,0.0,medium
Tamil Nadu,PERAMBALUR,True,True,1.0,1.0,,0.0,0.0,0.0,0.0,,,,,,0.0,,0.0,0.0,0.0,0.0,,,,,,0.0,medium
Tamil Nadu,POLLACHI,True,True,0.0,0.0,,,,,,,,,,,,,,,,,,,,,,,medium
Tamil Nadu,RAMANATHAPURAM,True,True,0.1667,0.1667,,0.0,0.0,0.0,0.0,,,,,,0.0,,0.0,0.0,0.0,0.0,,,,,,0.0,medium
Tamil Nadu,SALEM,True,True,1.0,1.0,,17.9731755006663,16.61543522376298,45.75517643522181,34.63634649382569,,,,,,30.84495908749799,,3.59463510013326,3.323087044752596,9.151035287044362,6.927269298765138,,,,,,6.168991817499598,low
Tamil Nadu,SIVAGANGA,True,True,1.0,1.0,,0.0,0.0,0.0,0.0,,,,,,0.0,,0.0,0.0,0.0,0.0,,,,,,0.0,medium
Tamil Nadu,SRIPERUMBUDUR,True,True,1.0,1.0,,17.50417795166838,29.22447249127768,27.166932206885015,42.71112669613578,,,,,,-10.008974988467969,,3.5008355903336765,5.844894498255536,5.433386441377003,8.542225339227155,,,,,,-2.001794997693594,low
Tamil Nadu,TENKASI,True,True,0.0,0.0,,,,,,,,,,,,,,,,,,,,,,,medium
Tamil Nadu,THANJAVUR,True,True,1.0,1.0,,0.0,0.0,0.0,0.0,,,,,,0.0,,0.0,0.0,0.0,0.0,,,,,,0.0,medium
Tamil Nadu,THENI,True,True,0.0,0.0,,,,,,,,,,,,,,,,,,,,,,,medium
Tamil Nadu,THOOTHUKKUDI,True,True,0.0,0.0,,,,,,,,,,,,,,,,,,,,,,,medium
Tamil Nadu,TIRUCHIRAPPALLI,True,True,1.0,1.0,,0.0,0.0,0.0,0.0,,,,,,0.0,,0.0,0.0,0.0,0.0,,,,,,0.0,medium
Tamil Nadu,TIRUNELVELI,True,True,0.0,0.0,,,,,,,,,,,,,,,,,,,,,,,medium
Tamil Nadu,TIRUPPUR,True,True,1.0,1.0,,0.0,0.0,0.0,0.0,,,,,,0.0,,0.0,0.0,0.0,0.0,,,,,,0.0,medium
Tamil Nadu,TIRUVALLUR,True,True,1.0,1.0,,10.444655984159184,-29.928839893479505,-17.663728106616205,20.91244918954027,,,,,,-100.0,,2.0889311968318367,-5.985767978695901,-3.532745621323241,4.1824898379080535,,,,,,-20.0,low
Tamil Nadu,TIRUVANNAMALAI,True,True,1.0,1.0,,22.77750254560192,38.02225667435367,38.99374741659969,6.074088825378283,,,,,,57.39087196887077,,4.5555005091203835,7.604451334870734,7.798749483319938,1.2148177650756566,,,,,,11.478174393774154,low
Tamil Nadu,VELLORE,True,True,1.0,1.0,,24.81171290475926,30.257678974411682,37.79195702239802,19.763926999982676,,,,,,44.14932941801221,,4.962342580951852,6.051535794882336,7.558391404479605,3.952785399996535,,,,,,8.82986588360244,low
Tamil Nadu,VILUPPURAM,True,True,1.0,1.0,,24.224436438406542,27.02345453256582,15.353485832084983,19.730602518597216,,,,,,28.07264287723935,,4.844887287681308,5.4046909065131645,3.0706971664169966,3.946120503719443,,,,,,5.61452857544787,low
Tamil Nadu,VIRUDHUNAGAR,True,True,0.0,0.0,,,,,,,,,,,,,,,,,,,,,,,medium
Tripura,Tripura East,True,True,0.7083,1.0,,22.277211806825292,-20.700568666634894,3.685967164555585,8.64988828521642,,,,,,3.793893321186026,,4.4554423613650584,-4.140113733326979,0.7371934329111169,1.729977657043284,,,,,,0.7587786642372052,medium
Tripura,Tripura West,True,True,0.9334,1.0001,,21.778539811730653,-1.0978263316070382,8.960756159375542,19.40547564883561,,,,,,-10.071575333484638,,4.355707962346131,-0.21956526632140766,1.7921512318751085,3.8810951297671217,,,,,,-2.014315066696928,low
Uttar Pradesh,Agra,True,True,1.0,1.0,,4.904803222745073,-34.7313030549428,-14.28611838311377,-10.854146027756185,,,,,,-11.275157208966355,,0.9809606445490147,-6.94626061098856,-2.857223676622754,-2.170829205551237,,,,,,-2.255031441793271,low
Uttar Pradesh,Aligarh,True,True,1.0,1.0,,11.141969480957854,-11.59264499462234,36.94280207141371,37.937594079513964,,,,,,6.912779316456625,,2.228393896191571,-2.318528998924468,7.3885604142827415,7.587518815902793,,,,,,1.382555863291325,low
Uttar Pradesh,Allahabad,True,True,1.0,1.0,,0.0,0.0,0.0,0.0,,,,,,0.0,,0.0,0.0,0.0,0.0,,,,,,0.0,medium
Uttar Pradesh,Amethi,True,True,1.0,1.0,,8.158274771303262,11.439740135502298,13.568326230383395,15.569363755641648,,,,,,16.585265200452092,,1.6316549542606524,2.2879480271004597,2.713665246076679,3.1138727511283295,,,,,,3.3170530400904186,low
Uttar Pradesh,Amroha,True,True,0.8,0.8,,28.160907701499468,11.583411293974969,-2.7529810073759258,10.176111592527858,,,,,,37.930758767629605,,5.632181540299894,2.3166822587949936,-0.5505962014751852,2.035222318505572,,,,,,7.586151753525921,medium
Uttar Pradesh,Badaun,True,True,0.9999,0.9999,,25.881201088018308,23.917434736297835,38.01921821499468,30.262334750199887,,,,,,26.87215596803233,,5.176240217603661,4.783486947259567,7.603843642998936,6.052466950039977,,,,,,5.374431193606466,medium
Uttar Pradesh,Baghpat,True,True,1.0,1.0,,17.98204163467129,-25.605929783141967,-14.876231712648442,3.60388698584452,,,,,,-12.20879604486771,,3.596408326934258,-5.121185956628393,-2.9752463425296884,0.720777397168904,,,,,,-2.4417592089735423,low
Uttar Pradesh,Bahraich,True,True,1.0,1.0,,0.0,0.0,0.0,0.0,,,,,,0.0,,0.0,0.0,0.0,0.0,,,,,,0.0,medium
Uttar Pradesh,Ballia,True,True,1.0,1.0,,0.0,0.0,0.0,0.0,,,,,,0.0,,0.0,0.0,0.0,0.0,,,,,,0.0,medium
Uttar Pradesh,Banda,True,True,0.0,0.0,,,,,,,,,,,,,,,,,,,,,,,medium
Uttar Pradesh,Bareilly,True,True,1.0,1.0,,19.04761904761905,-19.763383676013262,2.702922561421623,9.88169183800664,,,,,,-58.21650408544849,,3.80952380952381,-3.9526767352026524,0.5405845122843246,1.976338367601328,,,,,,-11.643300817089699,low
Uttar Pradesh,Bijnor,True,True,1.0,1.0,,57.73561796435523,-2.873405370339583,-3.3897542323028134,29.130974112555624,,,,,,4.035695641850612,,11.547123592871046,-0.5746810740679166,-0.6779508464605627,5.826194822511125,,,,,,0.8071391283701225,low
Uttar Pradesh,Bulandshahr,True,True,1.0,1.0,,-2.3738062051631914,-12.501561586305925,-0.1495013956510185,5.660110542502327,,,,,,-5.921777376995472,,-0.4747612410326383,-2.500312317261185,-0.0299002791302037,1.1320221085004654,,,,,,-1.1843554753990944,medium
Uttar Pradesh,Chandauli,True,True,0.0,0.0,,,,,,,,,,,,,,,,,,,,,,,medium
Uttar Pradesh,Deoria,True,True,1.0,1.0,,0.0,0.0,0.0,0.0,,,,,,0.0,,0.0,0.0,0.0,0.0,,,,,,0.0,medium
Uttar Pradesh,Dhaurahra,True,True,1.0,1.0,,-0.936201052776525,-17.806008151833442,16.298834695475215,21.673282276375577,,,,,,-2.1470068201516153,,-0.187240210555305,-3.5612016303666882,3.259766939095043,4.334656455275115,,,,,,-0.42940136403032303,low
Uttar Pradesh,Domariyaganj,True,True,1.0,1.0,,0.0,0.0,0.0,0.0,,,,,,0.0,,0.0,0.0,0.0,0.0,,,,,,0.0,medium
Uttar Pradesh,Etah,True,True,1.0,1.0,,0.0,0.0,0.0,0.0,,,,,,0.0,,0.0,0.0,0.0,0.0,,,,,,0.0,medium
Uttar Pradesh,Etawah,True,True,1.0,1.0,,71.13388240979556,41.51275005609625,16.29965673312098,30.87893149662933,,,,,,51.5243301754532,,14.226776481959112,8.30255001121925,3.259931346624196,6.175786299325866,,,,,,10.30486603509064,low
Uttar Pradesh,Farrukhabad,True,True,1.0,1.0,,-1.87240210555305,-35.612016303666884,32.59766939095043,43.346564552751154,,,,,,-4.2940136403032305,,-0.37448042111061,-7.1224032607333765,6.519533878190086,8.66931291055023,,,,,,-0.8588027280606461,low
Uttar Pradesh,Fatehpur,True,True,1.0,1.0,,0.0,0.0,0.0,0.0,,,,,,0.0,,0.0,0.0,0.0,0.0,,,,,,0.0,medium
Uttar Pradesh,Fatehpur Sikri,True,True,1.0,1.0,,5.231790104261435,-37.04672325860566,-15.238526275321355,-11.577755762939931,,,,,,-12.02683435623078,,1.0463580208522871,-7.409344651721132,-3.047705255064271,-2.3155511525879864,,,,,,-2.405366871246156,low
Uttar Pradesh,Firozabad,True,True,0.8,0.8,,20.011474687810235,-40.561243082040654,27.239577577274733,-13.148329371346872,,,,,,-30.69686513576377,,4.002294937562047,-8.11224861640813,5.447915515454946,-2.6296658742693744,,,,,,-6.139373027152754,low
Uttar Pradesh,Gautam Buddha,True,True,1.0,1.0,,13.614686786485976,-29.64941853984657,12.279094241073242,18.17538576583992,,,,,,5.90895896985587,,2.7229373572971953,-5.9298837079693145,2.4558188482146486,3.635077153167984,,,,,,1.1817917939711742,medium
Uttar Pradesh,Ghaziabad,True,True,1.0,1.0,,35.086333839551884,-8.459874597112307,4.898964833586988,0.45315396515925643,,,,,,10.224319840430875,,7.017266767910376,-1.6919749194224614,0.9797929667173977,0.09063079303185129,,,,,,2.044863968086175,medium
Uttar Pradesh,Ghazipur,True,True,1.0,1.0,,61.32705372144841,48.87282393788892,86.92100218421727,59.648276739316366,,,,,,47.4459375031928,,12.265410744289682,9.774564787577784,17.384200436843454,11.929655347863273,,,,,,9.489187500638561,low
Uttar Pradesh,Ghosi,True,True,1.0,1.0,,6.327699448780123,-0.4499508520596578,-0.23952266556540458,-0.491315085026911,,,,,,0.33012662741034937,,1.2655398897560246,-0.08999017041193155,-0.04790453311308092,-0.0982630170053822,,,,,,0.06602532548206988,medium
Uttar Pradesh,Gonda,True,True,1.0,1.0,,0.0,0.0,0.0,0.0,,,,,,0.0,,0.0,0.0,0.0,0.0,,,,,,0.0,medium
Uttar Pradesh,Hamirpur,True,True,1.0,1.0,,0.0,0.0,0.0,0.0,,,,,,0.0,,0.0,0.0,0.0,0.0,,,,,,0.0,medium
Uttar Pradesh,Hardoi,True,True,1.0,1.0,,0.0,0.0,0.0,0.0,,,,,,0.0,,0.0,0.0,0.0,0.0,,,,,,0.0,medium
Uttar Pradesh,Hathras,True,True,1.0,1.0,,31.806930651183194,-10.024483702894841,41.45609256656069,54.393343617055656,,,,,,14.517359870564448,,6.361386130236639,-2.0048967405789684,8.291218513312138,10.878668723411131,,,,,,2.9034719741128896,low
Uttar Pradesh,Jhansi,True,True,1.0,1.0,,0.0,0.0,0.0,0.0,,,,,,0.0,,0.0,0.0,0.0,0.0,,,,,,0.0,medium
Uttar Pradesh,Kairana,True,True,0.8,0.8,,30.59511427515891,17.97557137579457,10.567860099952473,4.64837687457301,,,,,,13.570685650953482,,6.119022855031782,3.595114275158914,2.1135720199904946,0.9296753749146021,,,,,,2.7141371301906965,medium
Uttar Pradesh,Kaiserganj,True,True,1.0,1.0,,0.0,0.0,0.0,0.0,,,,,,0.0,,0.0,0.0,0.0,0.0,,,,,,0.0,medium
Uttar Pradesh,Kaushambi,True,True,1.0,1.0,,0.0,0.0,0.0,0.0,,,,,,0.0,,0.0,0.0,0.0,0.0,,,,,,0.0,medium
Uttar Pradesh,Kheri,True,True,1.0,1.0,,0.0,0.0,0.0,0.0,,,,,,0.0,,0.0,0.0,0.0,0.0,,,,,,0.0,medium
Uttar Pradesh,Lucknow,True,True,1.0,1.0,,0.0,0.0,0.0,0.0,,,,,,0.0,,0.0,0.0,0.0,0.0,,,,,,0.0,medium
Uttar Pradesh,Machhlishahr,True,True,0.0,0.0,,,,,,,,,,,,,,,,,,,,,,,medium
Uttar Pradesh,Mathura,True,True,0.75,0.75,,60.05158103119187,-35.500421025758556,-10.733629754396624,93.99325564238261,,,,,,-13.083065128288334,,12.010316206238375,-7.1000842051517115,-2.1467259508793246,18.79865112847652,,,,,,-2.6166130256576667,low
Uttar Pradesh,Meerut,True,True,1.0,1.0,,42.59534150157049,4.752672847634846,0.040490471597109945,6.195308574388859,,,,,,36.049146771905804,,8.519068300314098,0.9505345695269692,0.008098094319421989,1.2390617148777718,,,,,,7.209829354381161,low
Uttar Pradesh,Mirzapur,True,True,1.0,1.0,,0.0,0.0,0.0,0.0,,,,,,0.0,,0.0,0.0,0.0,0.0,,,,,,0.0,medium
Uttar Pradesh,Misrikh,True,True,1.0,1.0,,0.0,0.0,0.0,0.0,,,,,,0.0,,0.0,0.0,0.0,0.0,,,,,,0.0,medium
Uttar Pradesh,Moradabad,True,True,1.0,1.0,,-7.99730313621032,-21.516633302290167,-26.67614109536443,-12.036809472191612,,,,,,-20.251898595739313,,-1.599460627242064,-4.303326660458033,-5.335228219072886,-2.4073618944383224,,,,,,-4.0503797191478625,medium
Uttar Pradesh,Muzaffarnagar,True,True,1.0,1.0,,36.486407626365505,7.280372895483945,6.307562129082654,22.51735262813493,,,,,,8.23993549510512,,7.297281525273101,1.4560745790967888,1.2615124258165307,4.503470525626986,,,,,,1.6479870990210241,medium
Uttar Pradesh,Nagina,True,True,1.0,1.0,,37.38607051148229,19.783075001001748,2.45913905157739,11.523969237558736,,,,,,25.1698994596841,,7.4772141022964576,3.9566150002003497,0.49182781031547795,2.304793847511747,,,,,,5.03397989193682,medium
Uttar Pradesh,Pilibhit,True,True,1.0,1.0,,0.0,0.0,0.0,0.0,,,,,,0.0,,0.0,0.0,0.0,0.0,,,,,,0.0,medium
Uttar Pradesh,Pratapgarh,True,True,1.0,1.0,,0.0,0.0,0.0,0.0,,,,,,0.0,,0.0,0.0,0.0,0.0,,,,,,0.0,medium
Uttar Pradesh,Rampur,True,True,1.0,1.0,,18.346642812715665,-20.516686700481088,7.686031339366622,16.00289116901284,,,,,,5.712303496376389,,3.669328562543133,-4.103337340096218,1.5372062678733243,3.200578233802568,,,,,,1.142460699275278,medium
Uttar Pradesh,Robertsganj,True,True,0.5,0.5,,61.19022855031781,35.95114275158914,21.135720199904945,9.29675374914602,,,,,,27.14137130190697,,12.238045710063563,7.190228550317828,4.227144039980989,1.8593507498292041,,,,,,5.428274260381394,low
Uttar Pradesh,Saharanpur,True,True,1.0,1.0,,42.23782100266759,47.26069690662243,42.283030478646275,44.68426887529514,,,,,,50.822127885454144,,8.447564200533517,9.452139381324486,8.456606095729255,8.936853775059028,,,,,,10.164425577090828,low
Uttar Pradesh,Salempur,True,True,0.0,0.0,,,,,,,,,,,,,,,,,,,,,,,medium
Uttar Pradesh,Sambhal,True,True,1.0,1.0,,-3.99865156810516,-10.75831665114508,-13.338070547682214,-6.018404736095807,,,,,,-10.12594929786966,,-0.799730313621032,-2.151663330229016,-2.667614109536443,-1.2036809472191614,,,,,,-2.025189859573932,medium
Uttar Pradesh,Shahjahanpur,True,True,1.0,1.0,,0.0,0.0,0.0,0.0,,,,,,0.0,,0.0,0.0,0.0,0.0,,,,,,0.0,medium
Uttar Pradesh,Shrawasti,True,True,1.0,1.0,,0.0,0.0,0.0,0.0,,,,,,0.0,,0.0,0.0,0.0,0.0,,,,,,0.0,medium
Uttar Pradesh,Sitapur,True,True,1.0,1.0,,0.0,0.0,0.0,0.0,,,,,,0.0,,0.0,0.0,0.0,0.0,,,,,,0.0,medium
Uttar Pradesh,Sultanpur,True,True,0.9999,0.9999,,2.1066402074478674,-1.3387704522860382,-2.0695079694795773,5.364238557014593,,,,,,2.618552385410016,,0.4213280414895735,-0.26775409045720766,-0.41390159389591547,1.0728477114029187,,,,,,0.5237104770820032,medium
Uttar Pradesh,Unnao,True,True,1.0,1.0,,33.89364380343999,-16.466210312497722,-10.507216197023455,-1.4369052104276774,,,,,,-15.409116135860348,,6.778728760687999,-3.2932420624995444,-2.101443239404691,-0.2873810420855355,,,,,,-3.0818232271720696,low
Uttarakhand,Almora,True,True,0.0,0.0,,,,,,,,,,,,,,,,,,,,,,,medium
Uttarakhand,Garhwal,True,True,0.0,0.0,,,,,,,,,,,,,,,,,,,,,,,medium
Uttarakhand,Hardwar,True,True,0.0,0.0,,,,,,,,,,,,,,,,,,,,,,,medium
Uttarakhand,"Nainital- Udham singh Nagar         Kaladhungi, 62-Jaspur, 63-Kashipur, 64-Bajpur (SC), 65-Gadarpur, 66-",True,True,0.0,0.0,,,,,,,,,,,,,,,,,,,,,,,medium
Uttarakhand,Tehri Garhwal,True,True,0.0,0.0,,,,,,,,,,,,,,,,,,,,,,,medium
West Bengal,"ALIPURDUARS (ST) 9. TUFANGANJ, 10. KUMARGRAM (ST), 11. KALCHINI (ST), 12",True,True,1.0,1.0,,0.0,0.0,0.0,0.0,,,,,,0.0,,0.0,0.0,0.0,0.0,,,,,,0.0,medium
West Bengal,ARAMBAG,True,True,1.0,1.0,,0.0,0.0,0.0,0.0,,,,,,0.0,,0.0,0.0,0.0,0.0,,,,,,0.0,medium
West Bengal,ASANSOL,True,True,1.0,1.0,,0.0,0.0,0.0,0.0,,,,,,0.0,,0.0,0.0,0.0,0.0,,,,,,0.0,medium
West Bengal,BAHARAMPUR,True,True,1.0,1.0,,0.0,0.0,0.0,0.0,,,,,,0.0,,0.0,0.0,0.0,0.0,,,,,,0.0,medium
West Bengal,BALURGHAT,True,True,1.0,1.0,,0.0,0.0,0.0,0.0,,,,,,0.0,,0.0,0.0,0.0,0.0,,,,,,0.0,medium
West Bengal,BANGAON,True,True,1.0,1.0,,0.0,0.0,0.0,0.0,,,,,,0.0,,0.0,0.0,0.0,0.0,,,,,,0.0,medium
West Bengal,BANKURA,True,True,1.0,1.0,,0.0,0.0,0.0,0.0,,,,,,0.0,,0.0,0.0,0.0,0.0,,,,,,0.0,medium
West Bengal,BARASAT,True,True,1.0,1.0,,0.0,0.0,0.0,0.0,,,,,,0.0,,0.0,0.0,0.0,0.0,,,,,,0.0,medium
West Bengal,"BARDHAMAN DURGAPUR              BARDHAMAN UTTAR (SC), 267. BHATAR, 274. GALSI (SC),",True,True,1.0,1.0,,0.0,0.0,0.0,0.0,,,,,,0.0,,0.0,0.0,0.0,0.0,,,,,,0.0,medium
West Bengal,"BARDHAMAN PURBA (SC)            MEMARI , 268. PURBASTHALI DAKSHIN, 269. PURBASTHALI",True,True,1.0,1.0,,0.0,0.0,0.0,0.0,,,,,,0.0,,0.0,0.0,0.0,0.0,,,,,,0.0,medium
West Bengal,BARRACKPUR,True,True,1.0,1.0,,0.0,0.0,0.0,0.0,,,,,,0.0,,0.0,0.0,0.0,0.0,,,,,,0.0,medium
West Bengal,BASIRHAT,True,True,1.0,1.0,,0.0,0.0,0.0,0.0,,,,,,0.0,,0.0,0.0,0.0,0.0,,,,,,0.0,medium
West Bengal,BIRBHUM,True,True,1.0,1.0,,0.0,0.0,0.0,0.0,,,,,,0.0,,0.0,0.0,0.0,0.0,,,,,,0.0,medium
West Bengal,"BISHNUPUR (SC) 253. BARJORA, 254. ONDA, 255. BISHNUPUR, 256",True,True,1.0,1.0,,0.0,0.0,0.0,0.0,,,,,,0.0,,0.0,0.0,0.0,0.0,,,,,,0.0,medium
West Bengal,BOLPUR,True,True,1.0,1.0,,0.0,0.0,0.0,0.0,,,,,,0.0,,0.0,0.0,0.0,0.0,,,,,,0.0,medium
West Bengal,COOCHBEHAR,True,True,0.8333999999999999,0.8333999999999999,,0.0,0.0,0.0,0.0,,,,,,0.0,,0.0,0.0,0.0,0.0,,,,,,0.0,medium
West Bengal,DARJEELING,True,True,1.0,1.0,,0.0,0.0,0.0,0.0,,,,,,0.0,,0.0,0.0,0.0,0.0,,,,,,0.0,medium
West Bengal,DIAMOND,True,True,1.0,1.0,,0.0,0.0,0.0,0.0,,,,,,0.0,,0.0,0.0,0.0,0.0,,,,,,0.0,medium
West Bengal,DUM DUM,True,True,1.0,1.0,,0.0,0.0,0.0,0.0,,,,,,0.0,,0.0,0.0,0.0,0.0,,,,,,0.0,medium
West Bengal,GHATAL,True,True,0.0,0.0,,,,,,,,,,,,,,,,,,,,,,,medium
West Bengal,HOOGHLY,True,True,1.0,1.0,,0.0,0.0,0.0,0.0,,,,,,0.0,,0.0,0.0,0.0,0.0,,,,,,0.0,medium
West Bengal,HOWRAH,True,True,1.0,1.0,,0.0,0.0,0.0,0.0,,,,,,0.0,,0.0,0.0,0.0,0.0,,,,,,0.0,medium
West Bengal,JADAVPUR,True,True,1.0,1.0,,0.0,0.0,0.0,0.0,,,,,,0.0,,0.0,0.0,0.0,0.0,,,,,,0.0,medium
West Bengal,JALPAIGURI,True,True,1.0,1.0,,0.0,0.0,0.0,0.0,,,,,,0.0,,0.0,0.0,0.0,0.0,,,,,,0.0,medium
West Bengal,JANGIPUR,True,True,1.0,1.0,,0.0,0.0,0.0,0.0,,,,,,0.0,,0.0,0.0,0.0,0.0,,,,,,0.0,medium
West Bengal,JAYNAGAR,True,True,1.0,1.0,,0.0,0.0,0.0,0.0,,,,,,0.0,,0.0,0.0,0.0,0.0,,,,,,0.0,medium
West Bengal,JHARGRAM,True,True,0.0,0.0,,,,,,,,,,,,,,,,,,,,,,,medium
West Bengal,KANTHI,True,True,0.0,0.0,,,,,,,,,,,,,,,,,,,,,,,medium
West Bengal,KOLKATA,True,True,1.0,1.0,,0.0,0.0,0.0,0.0,,,,,,0.0,,0.0,0.0,0.0,0.0,,,,,,0.0,medium
West Bengal,"KOLKATA UTTAR 162. CHOWRANGEE, 163. ENTALLY, 164. BELEGHATA, 165",True,True,1.0,1.0,,0.0,0.0,0.0,0.0,,,,,,0.0,,0.0,0.0,0.0,0.0,,,,,,0.0,medium
West Bengal,"KRISHNANAGAR 78 TEHATTA, 79 PALASHIPARA, 80. KALIGANJ, 81",True,True,1.0,1.0,,0.0,0.0,0.0,0.0,,,,,,0.0,,0.0,0.0,0.0,0.0,,,,,,0.0,medium
West Bengal,MALDAHA,True,True,1.0,1.0,,0.0,0.0,0.0,0.0,,,,,,0.0,,0.0,0.0,0.0,0.0,,,,,,0.0,medium
West Bengal,"MALDAHA UTTAR 43. HABIBPUR (ST), 44. GAZOLE (SC), 45. CHANCHAL",True,True,1.0,1.0,,0.0,0.0,0.0,0.0,,,,,,0.0,,0.0,0.0,0.0,0.0,,,,,,0.0,medium
West Bengal,MATHURAPUR,True,True,1.0,1.0,,0.0,0.0,0.0,0.0,,,,,,0.0,,0.0,0.0,0.0,0.0,,,,,,0.0,medium
West Bengal,MEDINIPUR KHARAGPUR SADAR,True,True,0.0,0.0,,,,,,,,,,,,,,,,,,,,,,,medium
West Bengal,MURSHIDABAD,True,True,1.0,1.0,,0.0,0.0,0.0,0.0,,,,,,0.0,,0.0,0.0,0.0,0.0,,,,,,0.0,medium
West Bengal,PURULIA,True,True,1.0,1.0,,0.0,0.0,0.0,0.0,,,,,,0.0,,0.0,0.0,0.0,0.0,,,,,,0.0,medium
West Bengal,RAIGANJ,True,True,1.0,1.0,,0.0,0.0,0.0,0.0,,,,,,0.0,,0.0,0.0,0.0,0.0,,,,,,0.0,medium
West Bengal,RANAGHAT,True,True,1.0,1.0,,0.0,0.0,0.0,0.0,,,,,,0.0,,0.0,0.0,0.0,0.0,,,,,,0.0,medium
West Bengal,SREERAMPUR,True,True,1.0,1.0,,0.0,0.0,0.0,0.0,,,,,,0.0,,0.0,0.0,0.0,0.0,,,,,,0.0,medium
West Bengal,TAMLUK,True,True,0.0,0.0,,,,,,,,,,,,,,,,,,,,,,,medium
West Bengal,ULUBERIA,True,True,1.0,1.0,,0.0,0.0,0.0,0.0,,,,,,0.0,,0.0,0.0,0.0,0.0,,,,,,0.0,medium
